table_id,run_index,target_persona,correct_id,rating,correct,failures,response,table_json,collected_at
0,1,B,0,0,1,0,0,"{""A"": 1, ""B"": 0, ""C"": 3, ""D"": 2, ""E"": 5, ""F"": 4}",2026-07-08T13:56:48.501428
0,2,B,0,0,1,0,0,"{""A"": 1, ""B"": 0, ""C"": 3, ""D"": 2, ""E"": 5, ""F"": 4}",2026-07-08T13:56:50.040275
0,3,B,0,0,1,0,0,"{""A"": 1, ""B"": 0, ""C"": 3, ""D"": 2, ""E"": 5, ""F"": 4}",2026-07-08T13:56:51.554385
0,4,B,0,0,1,0,0,"{""A"": 1, ""B"": 0, ""C"": 3, ""D"": 2, ""E"": 5, ""F"": 4}",2026-07-08T13:56:53.244752
0,5,B,0,0,1,0,0,"{""A"": 1, ""B"": 0, ""C"": 3, ""D"": 2, ""E"": 5, ""F"": 4}",2026-07-08T13:56:54.349643
0,6,B,0,0,1,0,0,"{""A"": 1, ""B"": 0, ""C"": 3, ""D"": 2, ""E"": 5, ""F"": 4}",2026-07-08T13:56:55.152404
0,7,B,0,0,1,0,0,"{""A"": 1, ""B"": 0, ""C"": 3, ""D"": 2, ""E"": 5, ""F"": 4}",2026-07-08T13:56:55.744220
0,8,B,0,0,1,0,0,"{""A"": 1, ""B"": 0, ""C"": 3, ""D"": 2, ""E"": 5, ""F"": 4}",2026-07-08T13:56:56.716602
0,9,B,0,0,1,0,0,"{""A"": 1, ""B"": 0, ""C"": 3, ""D"": 2, ""E"": 5, ""F"": 4}",2026-07-08T13:57:01.698072
0,10,B,0,0,1,0,0,"{""A"": 1, ""B"": 0, ""C"": 3, ""D"": 2, ""E"": 5, ""F"": 4}",2026-07-08T13:57:03.289911
1,1,E,1,1,1,0,1,"{""A"": 3, ""B"": 4, ""C"": 0, ""D"": 2, ""E"": 1, ""F"": 5}",2026-07-08T13:57:04.146846
1,2,E,1,1,1,0,1,"{""A"": 3, ""B"": 4, ""C"": 0, ""D"": 2, ""E"": 1, ""F"": 5}",2026-07-08T13:57:05.289393
1,3,E,1,1,1,0,1,"{""A"": 3, ""B"": 4, ""C"": 0, ""D"": 2, ""E"": 1, ""F"": 5}",2026-07-08T13:57:06.114942
1,4,E,1,1,1,0,1,"{""A"": 3, ""B"": 4, ""C"": 0, ""D"": 2, ""E"": 1, ""F"": 5}",2026-07-08T13:57:07.409976
1,5,E,1,1,1,0,1,"{""A"": 3, ""B"": 4, ""C"": 0, ""D"": 2, ""E"": 1, ""F"": 5}",2026-07-08T13:57:08.803350
1,6,E,1,1,1,0,1,"{""A"": 3, ""B"": 4, ""C"": 0, ""D"": 2, ""E"": 1, ""F"": 5}",2026-07-08T13:57:11.581909
1,7,E,1,1,1,0,1,"{""A"": 3, ""B"": 4, ""C"": 0, ""D"": 2, ""E"": 1, ""F"": 5}",2026-07-08T13:57:12.672746
1,8,E,1,1,1,0,1,"{""A"": 3, ""B"": 4, ""C"": 0, ""D"": 2, ""E"": 1, ""F"": 5}",2026-07-08T13:57:13.703582
1,9,E,1,1,1,0,1,"{""A"": 3, ""B"": 4, ""C"": 0, ""D"": 2, ""E"": 1, ""F"": 5}",2026-07-08T13:57:14.526911
1,10,E,1,1,1,0,1,"{""A"": 3, ""B"": 4, ""C"": 0, ""D"": 2, ""E"": 1, ""F"": 5}",2026-07-08T13:57:15.249272
2,1,D,2,2,1,0,2,"{""A"": 1, ""B"": 0, ""C"": 4, ""D"": 2, ""E"": 5, ""F"": 3}",2026-07-08T13:57:16.084558
2,2,D,2,2,1,0,2,"{""A"": 1, ""B"": 0, ""C"": 4, ""D"": 2, ""E"": 5, ""F"": 3}",2026-07-08T13:57:17.045043
2,3,D,2,2,1,0,2,"{""A"": 1, ""B"": 0, ""C"": 4, ""D"": 2, ""E"": 5, ""F"": 3}",2026-07-08T13:57:17.929115
2,4,D,2,2,1,0,2,"{""A"": 1, ""B"": 0, ""C"": 4, ""D"": 2, ""E"": 5, ""F"": 3}",2026-07-08T13:57:18.647046
2,5,D,2,2,1,0,2,"{""A"": 1, ""B"": 0, ""C"": 4, ""D"": 2, ""E"": 5, ""F"": 3}",2026-07-08T13:57:19.489121
2,6,D,2,2,1,0,2,"{""A"": 1, ""B"": 0, ""C"": 4, ""D"": 2, ""E"": 5, ""F"": 3}",2026-07-08T13:57:56.662953
2,7,D,2,2,1,0,2,"{""A"": 1, ""B"": 0, ""C"": 4, ""D"": 2, ""E"": 5, ""F"": 3}",2026-07-08T13:58:00.279295
2,8,D,2,2,1,0,2,"{""A"": 1, ""B"": 0, ""C"": 4, ""D"": 2, ""E"": 5, ""F"": 3}",2026-07-08T13:58:01.030221
2,9,D,2,2,1,0,2,"{""A"": 1, ""B"": 0, ""C"": 4, ""D"": 2, ""E"": 5, ""F"": 3}",2026-07-08T13:58:03.915487
2,10,D,2,2,1,0,2,"{""A"": 1, ""B"": 0, ""C"": 4, ""D"": 2, ""E"": 5, ""F"": 3}",2026-07-08T13:58:05.615193
3,1,D,3,3,1,0,3,"{""A"": 0, ""B"": 5, ""C"": 4, ""D"": 3, ""E"": 2, ""F"": 1}",2026-07-08T13:58:06.390490
3,2,D,3,3,1,0,3,"{""A"": 0, ""B"": 5, ""C"": 4, ""D"": 3, ""E"": 2, ""F"": 1}",2026-07-08T13:58:08.035298
3,3,D,3,3,1,0,3,"{""A"": 0, ""B"": 5, ""C"": 4, ""D"": 3, ""E"": 2, ""F"": 1}",2026-07-08T13:58:08.837742
3,4,D,3,3,1,0,3,"{""A"": 0, ""B"": 5, ""C"": 4, ""D"": 3, ""E"": 2, ""F"": 1}",2026-07-08T13:58:12.459622
3,5,D,3,3,1,0,3,"{""A"": 0, ""B"": 5, ""C"": 4, ""D"": 3, ""E"": 2, ""F"": 1}",2026-07-08T13:58:16.357889
3,6,D,3,3,1,0,3,"{""A"": 0, ""B"": 5, ""C"": 4, ""D"": 3, ""E"": 2, ""F"": 1}",2026-07-08T13:58:18.401595
3,7,D,3,3,1,0,3,"{""A"": 0, ""B"": 5, ""C"": 4, ""D"": 3, ""E"": 2, ""F"": 1}",2026-07-08T13:58:22.416758
3,8,D,3,3,1,0,3,"{""A"": 0, ""B"": 5, ""C"": 4, ""D"": 3, ""E"": 2, ""F"": 1}",2026-07-08T13:58:23.589280
3,9,D,3,3,1,0,3,"{""A"": 0, ""B"": 5, ""C"": 4, ""D"": 3, ""E"": 2, ""F"": 1}",2026-07-08T13:58:24.353905
3,10,D,3,3,1,0,3,"{""A"": 0, ""B"": 5, ""C"": 4, ""D"": 3, ""E"": 2, ""F"": 1}",2026-07-08T13:58:25.263082
4,1,B,4,4,1,0,4,"{""A"": 1, ""B"": 4, ""C"": 2, ""D"": 5, ""E"": 3, ""F"": 0}",2026-07-08T13:58:26.577007
4,2,B,4,4,1,0,4,"{""A"": 1, ""B"": 4, ""C"": 2, ""D"": 5, ""E"": 3, ""F"": 0}",2026-07-08T13:58:28.363413
4,3,B,4,4,1,0,4,"{""A"": 1, ""B"": 4, ""C"": 2, ""D"": 5, ""E"": 3, ""F"": 0}",2026-07-08T13:58:31.152282
4,4,B,4,4,1,0,4,"{""A"": 1, ""B"": 4, ""C"": 2, ""D"": 5, ""E"": 3, ""F"": 0}",2026-07-08T13:58:32.165316
4,5,B,4,4,1,0,4,"{""A"": 1, ""B"": 4, ""C"": 2, ""D"": 5, ""E"": 3, ""F"": 0}",2026-07-08T13:58:33.023408
4,6,B,4,4,1,0,4,"{""A"": 1, ""B"": 4, ""C"": 2, ""D"": 5, ""E"": 3, ""F"": 0}",2026-07-08T13:58:33.896727
4,7,B,4,4,1,0,4,"{""A"": 1, ""B"": 4, ""C"": 2, ""D"": 5, ""E"": 3, ""F"": 0}",2026-07-08T13:58:35.200872
4,8,B,4,4,1,0,4,"{""A"": 1, ""B"": 4, ""C"": 2, ""D"": 5, ""E"": 3, ""F"": 0}",2026-07-08T13:58:36.990364
4,9,B,4,4,1,0,4,"{""A"": 1, ""B"": 4, ""C"": 2, ""D"": 5, ""E"": 3, ""F"": 0}",2026-07-08T13:58:38.048053
4,10,B,4,4,1,0,4,"{""A"": 1, ""B"": 4, ""C"": 2, ""D"": 5, ""E"": 3, ""F"": 0}",2026-07-08T13:58:38.772938
5,1,B,5,5,1,0,5,"{""A"": 4, ""B"": 5, ""C"": 0, ""D"": 2, ""E"": 3, ""F"": 1}",2026-07-08T13:58:39.661892
5,2,B,5,5,1,0,5,"{""A"": 4, ""B"": 5, ""C"": 0, ""D"": 2, ""E"": 3, ""F"": 1}",2026-07-08T13:58:40.589129
5,3,B,5,5,1,0,5,"{""A"": 4, ""B"": 5, ""C"": 0, ""D"": 2, ""E"": 3, ""F"": 1}",2026-07-08T13:58:41.466750
5,4,B,5,5,1,0,5,"{""A"": 4, ""B"": 5, ""C"": 0, ""D"": 2, ""E"": 3, ""F"": 1}",2026-07-08T13:58:42.236976
5,5,B,5,5,1,0,5,"{""A"": 4, ""B"": 5, ""C"": 0, ""D"": 2, ""E"": 3, ""F"": 1}",2026-07-08T13:58:43.539804
5,6,B,5,5,1,0,5,"{""A"": 4, ""B"": 5, ""C"": 0, ""D"": 2, ""E"": 3, ""F"": 1}",2026-07-08T13:58:46.148553
5,7,B,5,5,1,0,5,"{""A"": 4, ""B"": 5, ""C"": 0, ""D"": 2, ""E"": 3, ""F"": 1}",2026-07-08T13:58:47.290564
5,8,B,5,5,1,0,5,"{""A"": 4, ""B"": 5, ""C"": 0, ""D"": 2, ""E"": 3, ""F"": 1}",2026-07-08T13:58:48.638202
5,9,B,5,5,1,0,5,"{""A"": 4, ""B"": 5, ""C"": 0, ""D"": 2, ""E"": 3, ""F"": 1}",2026-07-08T13:58:49.464314
5,10,B,5,5,1,0,5,"{""A"": 4, ""B"": 5, ""C"": 0, ""D"": 2, ""E"": 3, ""F"": 1}",2026-07-08T13:58:50.147940
6,1,B,0,0,1,0,0,"{""A"": 3, ""B"": 0, ""C"": 5, ""D"": 1, ""E"": 2, ""F"": 4}",2026-07-08T13:58:51.490636
6,2,B,0,0,1,0,0,"{""A"": 3, ""B"": 0, ""C"": 5, ""D"": 1, ""E"": 2, ""F"": 4}",2026-07-08T13:58:53.329098
6,3,B,0,0,1,0,0,"{""A"": 3, ""B"": 0, ""C"": 5, ""D"": 1, ""E"": 2, ""F"": 4}",2026-07-08T13:58:54.340238
6,4,B,0,0,1,0,0,"{""A"": 3, ""B"": 0, ""C"": 5, ""D"": 1, ""E"": 2, ""F"": 4}",2026-07-08T13:58:56.582945
6,5,B,0,0,1,0,0,"{""A"": 3, ""B"": 0, ""C"": 5, ""D"": 1, ""E"": 2, ""F"": 4}",2026-07-08T13:58:58.817711
6,6,B,0,0,1,0,0,"{""A"": 3, ""B"": 0, ""C"": 5, ""D"": 1, ""E"": 2, ""F"": 4}",2026-07-08T13:59:00.272893
6,7,B,0,0,1,0,0,"{""A"": 3, ""B"": 0, ""C"": 5, ""D"": 1, ""E"": 2, ""F"": 4}",2026-07-08T13:59:01.721564
6,8,B,0,0,1,0,0,"{""A"": 3, ""B"": 0, ""C"": 5, ""D"": 1, ""E"": 2, ""F"": 4}",2026-07-08T13:59:03.380955
6,9,B,0,0,1,0,0,"{""A"": 3, ""B"": 0, ""C"": 5, ""D"": 1, ""E"": 2, ""F"": 4}",2026-07-08T13:59:05.041524
6,10,B,0,0,1,0,0,"{""A"": 3, ""B"": 0, ""C"": 5, ""D"": 1, ""E"": 2, ""F"": 4}",2026-07-08T13:59:05.856800
7,1,B,1,1,1,0,1,"{""A"": 2, ""B"": 1, ""C"": 0, ""D"": 4, ""E"": 3, ""F"": 5}",2026-07-08T13:59:07.435893
7,2,B,1,1,1,0,1,"{""A"": 2, ""B"": 1, ""C"": 0, ""D"": 4, ""E"": 3, ""F"": 5}",2026-07-08T13:59:08.268143
7,3,B,1,1,1,0,1,"{""A"": 2, ""B"": 1, ""C"": 0, ""D"": 4, ""E"": 3, ""F"": 5}",2026-07-08T13:59:09.273722
7,4,B,1,1,1,0,1,"{""A"": 2, ""B"": 1, ""C"": 0, ""D"": 4, ""E"": 3, ""F"": 5}",2026-07-08T13:59:10.001393
7,5,B,1,1,1,0,1,"{""A"": 2, ""B"": 1, ""C"": 0, ""D"": 4, ""E"": 3, ""F"": 5}",2026-07-08T13:59:11.249303
7,6,B,1,1,1,0,1,"{""A"": 2, ""B"": 1, ""C"": 0, ""D"": 4, ""E"": 3, ""F"": 5}",2026-07-08T13:59:12.046517
7,7,B,1,1,1,0,1,"{""A"": 2, ""B"": 1, ""C"": 0, ""D"": 4, ""E"": 3, ""F"": 5}",2026-07-08T13:59:12.837303
7,8,B,1,1,1,0,1,"{""A"": 2, ""B"": 1, ""C"": 0, ""D"": 4, ""E"": 3, ""F"": 5}",2026-07-08T13:59:13.888964
7,9,B,1,1,1,0,1,"{""A"": 2, ""B"": 1, ""C"": 0, ""D"": 4, ""E"": 3, ""F"": 5}",2026-07-08T13:59:14.560526
7,10,B,1,1,1,0,1,"{""A"": 2, ""B"": 1, ""C"": 0, ""D"": 4, ""E"": 3, ""F"": 5}",2026-07-08T13:59:16.146332
8,1,A,2,2,1,0,2,"{""A"": 2, ""B"": 4, ""C"": 3, ""D"": 0, ""E"": 1, ""F"": 5}",2026-07-08T13:59:18.352070
8,2,A,2,2,1,0,2,"{""A"": 2, ""B"": 4, ""C"": 3, ""D"": 0, ""E"": 1, ""F"": 5}",2026-07-08T13:59:20.826446
8,3,A,2,2,1,0,2,"{""A"": 2, ""B"": 4, ""C"": 3, ""D"": 0, ""E"": 1, ""F"": 5}",2026-07-08T13:59:21.851518
8,4,A,2,2,1,0,2,"{""A"": 2, ""B"": 4, ""C"": 3, ""D"": 0, ""E"": 1, ""F"": 5}",2026-07-08T13:59:22.927135
8,5,A,2,2,1,0,2,"{""A"": 2, ""B"": 4, ""C"": 3, ""D"": 0, ""E"": 1, ""F"": 5}",2026-07-08T13:59:24.564688
8,6,A,2,2,1,0,2,"{""A"": 2, ""B"": 4, ""C"": 3, ""D"": 0, ""E"": 1, ""F"": 5}",2026-07-08T13:59:25.595528
8,7,A,2,2,1,0,2,"{""A"": 2, ""B"": 4, ""C"": 3, ""D"": 0, ""E"": 1, ""F"": 5}",2026-07-08T13:59:26.821428
8,8,A,2,2,1,0,2,"{""A"": 2, ""B"": 4, ""C"": 3, ""D"": 0, ""E"": 1, ""F"": 5}",2026-07-08T13:59:28.558178
8,9,A,2,2,1,0,2,"{""A"": 2, ""B"": 4, ""C"": 3, ""D"": 0, ""E"": 1, ""F"": 5}",2026-07-08T13:59:29.696502
8,10,A,2,2,1,0,2,"{""A"": 2, ""B"": 4, ""C"": 3, ""D"": 0, ""E"": 1, ""F"": 5}",2026-07-08T13:59:30.974942
9,1,C,3,3,1,0,3,"{""A"": 5, ""B"": 2, ""C"": 3, ""D"": 1, ""E"": 4, ""F"": 0}",2026-07-08T13:59:33.697696
9,2,C,3,3,1,0,3,"{""A"": 5, ""B"": 2, ""C"": 3, ""D"": 1, ""E"": 4, ""F"": 0}",2026-07-08T13:59:35.494943
9,3,C,3,3,1,0,3,"{""A"": 5, ""B"": 2, ""C"": 3, ""D"": 1, ""E"": 4, ""F"": 0}",2026-07-08T13:59:36.793642
9,4,C,3,3,1,0,3,"{""A"": 5, ""B"": 2, ""C"": 3, ""D"": 1, ""E"": 4, ""F"": 0}",2026-07-08T13:59:40.750534
9,5,C,3,3,1,0,3,"{""A"": 5, ""B"": 2, ""C"": 3, ""D"": 1, ""E"": 4, ""F"": 0}",2026-07-08T13:59:42.614419
9,6,C,3,3,1,0,3,"{""A"": 5, ""B"": 2, ""C"": 3, ""D"": 1, ""E"": 4, ""F"": 0}",2026-07-08T13:59:47.223569
9,7,C,3,3,1,0,3,"{""A"": 5, ""B"": 2, ""C"": 3, ""D"": 1, ""E"": 4, ""F"": 0}",2026-07-08T13:59:52.337442
9,8,C,3,3,1,0,3,"{""A"": 5, ""B"": 2, ""C"": 3, ""D"": 1, ""E"": 4, ""F"": 0}",2026-07-08T13:59:54.803832
9,9,C,3,3,1,0,3,"{""A"": 5, ""B"": 2, ""C"": 3, ""D"": 1, ""E"": 4, ""F"": 0}",2026-07-08T13:59:55.899709
9,10,C,3,3,1,0,3,"{""A"": 5, ""B"": 2, ""C"": 3, ""D"": 1, ""E"": 4, ""F"": 0}",2026-07-08T13:59:57.705819
10,1,A,4,4,1,0,4,"{""A"": 4, ""B"": 5, ""C"": 1, ""D"": 2, ""E"": 3, ""F"": 0}",2026-07-08T13:59:59.482060
10,2,A,4,4,1,0,4,"{""A"": 4, ""B"": 5, ""C"": 1, ""D"": 2, ""E"": 3, ""F"": 0}",2026-07-08T14:00:01.355986
10,3,A,4,4,1,0,4,"{""A"": 4, ""B"": 5, ""C"": 1, ""D"": 2, ""E"": 3, ""F"": 0}",2026-07-08T14:00:02.479234
10,4,A,4,4,1,0,4,"{""A"": 4, ""B"": 5, ""C"": 1, ""D"": 2, ""E"": 3, ""F"": 0}",2026-07-08T14:00:03.114642
10,5,A,4,4,1,0,4,"{""A"": 4, ""B"": 5, ""C"": 1, ""D"": 2, ""E"": 3, ""F"": 0}",2026-07-08T14:00:03.814687
10,6,A,4,4,1,0,4,"{""A"": 4, ""B"": 5, ""C"": 1, ""D"": 2, ""E"": 3, ""F"": 0}",2026-07-08T14:00:05.181042
10,7,A,4,4,1,0,4,"{""A"": 4, ""B"": 5, ""C"": 1, ""D"": 2, ""E"": 3, ""F"": 0}",2026-07-08T14:00:07.376297
10,8,A,4,4,1,0,4,"{""A"": 4, ""B"": 5, ""C"": 1, ""D"": 2, ""E"": 3, ""F"": 0}",2026-07-08T14:00:09.560962
10,9,A,4,4,1,0,4,"{""A"": 4, ""B"": 5, ""C"": 1, ""D"": 2, ""E"": 3, ""F"": 0}",2026-07-08T14:00:10.675524
10,10,A,4,4,1,0,4,"{""A"": 4, ""B"": 5, ""C"": 1, ""D"": 2, ""E"": 3, ""F"": 0}",2026-07-08T14:00:11.786914
11,1,E,5,5,1,0,5,"{""A"": 0, ""B"": 2, ""C"": 4, ""D"": 3, ""E"": 5, ""F"": 1}",2026-07-08T14:00:12.724026
11,2,E,5,5,1,0,5,"{""A"": 0, ""B"": 2, ""C"": 4, ""D"": 3, ""E"": 5, ""F"": 1}",2026-07-08T14:00:13.654826
11,3,E,5,5,1,0,5,"{""A"": 0, ""B"": 2, ""C"": 4, ""D"": 3, ""E"": 5, ""F"": 1}",2026-07-08T14:00:14.802509
11,4,E,5,5,1,0,5,"{""A"": 0, ""B"": 2, ""C"": 4, ""D"": 3, ""E"": 5, ""F"": 1}",2026-07-08T14:00:15.862838
11,5,E,5,5,1,0,5,"{""A"": 0, ""B"": 2, ""C"": 4, ""D"": 3, ""E"": 5, ""F"": 1}",2026-07-08T14:00:17.666608
11,6,E,5,5,1,0,5,"{""A"": 0, ""B"": 2, ""C"": 4, ""D"": 3, ""E"": 5, ""F"": 1}",2026-07-08T14:00:18.835102
11,7,E,5,5,1,0,5,"{""A"": 0, ""B"": 2, ""C"": 4, ""D"": 3, ""E"": 5, ""F"": 1}",2026-07-08T14:00:19.717233
11,8,E,5,5,1,0,5,"{""A"": 0, ""B"": 2, ""C"": 4, ""D"": 3, ""E"": 5, ""F"": 1}",2026-07-08T14:00:20.621654
11,9,E,5,5,1,0,5,"{""A"": 0, ""B"": 2, ""C"": 4, ""D"": 3, ""E"": 5, ""F"": 1}",2026-07-08T14:00:22.102845
11,10,E,5,5,1,0,5,"{""A"": 0, ""B"": 2, ""C"": 4, ""D"": 3, ""E"": 5, ""F"": 1}",2026-07-08T14:00:27.151380
12,1,A,0,0,1,0,0,"{""A"": 0, ""B"": 5, ""C"": 2, ""D"": 1, ""E"": 4, ""F"": 3}",2026-07-08T14:00:27.951370
12,2,A,0,0,1,0,0,"{""A"": 0, ""B"": 5, ""C"": 2, ""D"": 1, ""E"": 4, ""F"": 3}",2026-07-08T14:00:29.545219
12,3,A,0,0,1,0,0,"{""A"": 0, ""B"": 5, ""C"": 2, ""D"": 1, ""E"": 4, ""F"": 3}",2026-07-08T14:00:31.732558
12,4,A,0,0,1,0,0,"{""A"": 0, ""B"": 5, ""C"": 2, ""D"": 1, ""E"": 4, ""F"": 3}",2026-07-08T14:00:33.257041
12,5,A,0,0,1,0,0,"{""A"": 0, ""B"": 5, ""C"": 2, ""D"": 1, ""E"": 4, ""F"": 3}",2026-07-08T14:00:34.330810
12,6,A,0,0,1,0,0,"{""A"": 0, ""B"": 5, ""C"": 2, ""D"": 1, ""E"": 4, ""F"": 3}",2026-07-08T14:00:35.330462
12,7,A,0,0,1,0,0,"{""A"": 0, ""B"": 5, ""C"": 2, ""D"": 1, ""E"": 4, ""F"": 3}",2026-07-08T14:00:36.496206
12,8,A,0,0,1,0,0,"{""A"": 0, ""B"": 5, ""C"": 2, ""D"": 1, ""E"": 4, ""F"": 3}",2026-07-08T14:00:38.265968
12,9,A,0,0,1,0,0,"{""A"": 0, ""B"": 5, ""C"": 2, ""D"": 1, ""E"": 4, ""F"": 3}",2026-07-08T14:00:40.538645
12,10,A,0,0,1,0,0,"{""A"": 0, ""B"": 5, ""C"": 2, ""D"": 1, ""E"": 4, ""F"": 3}",2026-07-08T14:00:42.056686
13,1,D,1,1,1,0,1,"{""A"": 0, ""B"": 3, ""C"": 2, ""D"": 1, ""E"": 5, ""F"": 4}",2026-07-08T14:00:43.215918
13,2,D,1,1,1,0,1,"{""A"": 0, ""B"": 3, ""C"": 2, ""D"": 1, ""E"": 5, ""F"": 4}",2026-07-08T14:00:44.114684
13,3,D,1,1,1,0,1,"{""A"": 0, ""B"": 3, ""C"": 2, ""D"": 1, ""E"": 5, ""F"": 4}",2026-07-08T14:00:44.764223
13,4,D,1,1,1,0,1,"{""A"": 0, ""B"": 3, ""C"": 2, ""D"": 1, ""E"": 5, ""F"": 4}",2026-07-08T14:00:46.417041
13,5,D,1,1,1,0,1,"{""A"": 0, ""B"": 3, ""C"": 2, ""D"": 1, ""E"": 5, ""F"": 4}",2026-07-08T14:00:49.723207
13,6,D,1,1,1,0,1,"{""A"": 0, ""B"": 3, ""C"": 2, ""D"": 1, ""E"": 5, ""F"": 4}",2026-07-08T14:00:51.246949
13,7,D,1,1,1,0,1,"{""A"": 0, ""B"": 3, ""C"": 2, ""D"": 1, ""E"": 5, ""F"": 4}",2026-07-08T14:00:52.024191
13,8,D,1,1,1,0,1,"{""A"": 0, ""B"": 3, ""C"": 2, ""D"": 1, ""E"": 5, ""F"": 4}",2026-07-08T14:00:53.018059
13,9,D,1,1,1,0,1,"{""A"": 0, ""B"": 3, ""C"": 2, ""D"": 1, ""E"": 5, ""F"": 4}",2026-07-08T14:00:55.074801
13,10,D,1,1,1,0,1,"{""A"": 0, ""B"": 3, ""C"": 2, ""D"": 1, ""E"": 5, ""F"": 4}",2026-07-08T14:00:57.340583
14,1,E,2,2,1,0,2,"{""A"": 0, ""B"": 5, ""C"": 4, ""D"": 3, ""E"": 2, ""F"": 1}",2026-07-08T14:00:59.694046
14,2,E,2,2,1,0,2,"{""A"": 0, ""B"": 5, ""C"": 4, ""D"": 3, ""E"": 2, ""F"": 1}",2026-07-08T14:01:02.724555
14,3,E,2,2,1,0,2,"{""A"": 0, ""B"": 5, ""C"": 4, ""D"": 3, ""E"": 2, ""F"": 1}",2026-07-08T14:01:04.288088
14,4,E,2,2,1,0,2,"{""A"": 0, ""B"": 5, ""C"": 4, ""D"": 3, ""E"": 2, ""F"": 1}",2026-07-08T14:01:05.025942
14,5,E,2,2,1,0,2,"{""A"": 0, ""B"": 5, ""C"": 4, ""D"": 3, ""E"": 2, ""F"": 1}",2026-07-08T14:01:05.823194
14,6,E,2,2,1,0,2,"{""A"": 0, ""B"": 5, ""C"": 4, ""D"": 3, ""E"": 2, ""F"": 1}",2026-07-08T14:01:06.570818
14,7,E,2,2,1,0,2,"{""A"": 0, ""B"": 5, ""C"": 4, ""D"": 3, ""E"": 2, ""F"": 1}",2026-07-08T14:01:09.075005
14,8,E,2,2,1,0,2,"{""A"": 0, ""B"": 5, ""C"": 4, ""D"": 3, ""E"": 2, ""F"": 1}",2026-07-08T14:01:09.914294
14,9,E,2,2,1,0,2,"{""A"": 0, ""B"": 5, ""C"": 4, ""D"": 3, ""E"": 2, ""F"": 1}",2026-07-08T14:01:11.440100
14,10,E,2,2,1,0,2,"{""A"": 0, ""B"": 5, ""C"": 4, ""D"": 3, ""E"": 2, ""F"": 1}",2026-07-08T14:01:16.155078
15,1,D,3,3,1,0,3,"{""A"": 4, ""B"": 0, ""C"": 2, ""D"": 3, ""E"": 1, ""F"": 5}",2026-07-08T14:01:16.822617
15,2,D,3,3,1,0,3,"{""A"": 4, ""B"": 0, ""C"": 2, ""D"": 3, ""E"": 1, ""F"": 5}",2026-07-08T14:01:17.909179
15,3,D,3,3,1,0,3,"{""A"": 4, ""B"": 0, ""C"": 2, ""D"": 3, ""E"": 1, ""F"": 5}",2026-07-08T14:01:19.339545
15,4,D,3,3,1,0,3,"{""A"": 4, ""B"": 0, ""C"": 2, ""D"": 3, ""E"": 1, ""F"": 5}",2026-07-08T14:01:20.454257
15,5,D,3,3,1,0,3,"{""A"": 4, ""B"": 0, ""C"": 2, ""D"": 3, ""E"": 1, ""F"": 5}",2026-07-08T14:01:21.298894
15,6,D,3,3,1,0,3,"{""A"": 4, ""B"": 0, ""C"": 2, ""D"": 3, ""E"": 1, ""F"": 5}",2026-07-08T14:01:21.907487
15,7,D,3,3,1,0,3,"{""A"": 4, ""B"": 0, ""C"": 2, ""D"": 3, ""E"": 1, ""F"": 5}",2026-07-08T14:01:22.918830
15,8,D,3,3,1,0,3,"{""A"": 4, ""B"": 0, ""C"": 2, ""D"": 3, ""E"": 1, ""F"": 5}",2026-07-08T14:01:23.762711
15,9,D,3,3,1,0,3,"{""A"": 4, ""B"": 0, ""C"": 2, ""D"": 3, ""E"": 1, ""F"": 5}",2026-07-08T14:01:24.583613
15,10,D,3,3,1,0,3,"{""A"": 4, ""B"": 0, ""C"": 2, ""D"": 3, ""E"": 1, ""F"": 5}",2026-07-08T14:01:25.371366
16,1,E,4,4,1,0,4,"{""A"": 1, ""B"": 2, ""C"": 0, ""D"": 5, ""E"": 4, ""F"": 3}",2026-07-08T14:01:26.111989
16,2,E,4,4,1,0,4,"{""A"": 1, ""B"": 2, ""C"": 0, ""D"": 5, ""E"": 4, ""F"": 3}",2026-07-08T14:01:27.182772
16,3,E,4,4,1,0,4,"{""A"": 1, ""B"": 2, ""C"": 0, ""D"": 5, ""E"": 4, ""F"": 3}",2026-07-08T14:01:28.689791
16,4,E,4,4,1,0,4,"{""A"": 1, ""B"": 2, ""C"": 0, ""D"": 5, ""E"": 4, ""F"": 3}",2026-07-08T14:01:29.513899
16,5,E,4,4,1,0,4,"{""A"": 1, ""B"": 2, ""C"": 0, ""D"": 5, ""E"": 4, ""F"": 3}",2026-07-08T14:01:31.411068
16,6,E,4,4,1,0,4,"{""A"": 1, ""B"": 2, ""C"": 0, ""D"": 5, ""E"": 4, ""F"": 3}",2026-07-08T14:01:32.941655
16,7,E,4,4,1,0,4,"{""A"": 1, ""B"": 2, ""C"": 0, ""D"": 5, ""E"": 4, ""F"": 3}",2026-07-08T14:01:33.711295
16,8,E,4,4,1,0,4,"{""A"": 1, ""B"": 2, ""C"": 0, ""D"": 5, ""E"": 4, ""F"": 3}",2026-07-08T14:01:34.459804
16,9,E,4,4,1,0,4,"{""A"": 1, ""B"": 2, ""C"": 0, ""D"": 5, ""E"": 4, ""F"": 3}",2026-07-08T14:01:35.635877
16,10,E,4,4,1,0,4,"{""A"": 1, ""B"": 2, ""C"": 0, ""D"": 5, ""E"": 4, ""F"": 3}",2026-07-08T14:01:38.709260
17,1,C,5,5,1,0,5,"{""A"": 3, ""B"": 4, ""C"": 5, ""D"": 2, ""E"": 1, ""F"": 0}",2026-07-08T14:01:39.713738
17,2,C,5,5,1,0,5,"{""A"": 3, ""B"": 4, ""C"": 5, ""D"": 2, ""E"": 1, ""F"": 0}",2026-07-08T14:01:40.437613
17,3,C,5,5,1,0,5,"{""A"": 3, ""B"": 4, ""C"": 5, ""D"": 2, ""E"": 1, ""F"": 0}",2026-07-08T14:01:41.227876
17,4,C,5,5,1,0,5,"{""A"": 3, ""B"": 4, ""C"": 5, ""D"": 2, ""E"": 1, ""F"": 0}",2026-07-08T14:01:43.000254
17,5,C,5,5,1,0,5,"{""A"": 3, ""B"": 4, ""C"": 5, ""D"": 2, ""E"": 1, ""F"": 0}",2026-07-08T14:01:45.860130
17,6,C,5,5,1,0,5,"{""A"": 3, ""B"": 4, ""C"": 5, ""D"": 2, ""E"": 1, ""F"": 0}",2026-07-08T14:01:50.350584
17,7,C,5,5,1,0,5,"{""A"": 3, ""B"": 4, ""C"": 5, ""D"": 2, ""E"": 1, ""F"": 0}",2026-07-08T14:01:53.190415
17,8,C,5,5,1,0,5,"{""A"": 3, ""B"": 4, ""C"": 5, ""D"": 2, ""E"": 1, ""F"": 0}",2026-07-08T14:02:12.088131
17,9,C,5,5,1,0,5,"{""A"": 3, ""B"": 4, ""C"": 5, ""D"": 2, ""E"": 1, ""F"": 0}",2026-07-08T14:02:13.625903
17,10,C,5,5,1,0,5,"{""A"": 3, ""B"": 4, ""C"": 5, ""D"": 2, ""E"": 1, ""F"": 0}",2026-07-08T14:02:14.156332
18,1,D,0,0,1,0,0,"{""A"": 1, ""B"": 3, ""C"": 5, ""D"": 0, ""E"": 4, ""F"": 2}",2026-07-08T14:02:15.346687
18,2,D,0,0,1,0,0,"{""A"": 1, ""B"": 3, ""C"": 5, ""D"": 0, ""E"": 4, ""F"": 2}",2026-07-08T14:02:16.067680
18,3,D,0,0,1,0,0,"{""A"": 1, ""B"": 3, ""C"": 5, ""D"": 0, ""E"": 4, ""F"": 2}",2026-07-08T14:02:16.907833
18,4,D,0,0,1,0,0,"{""A"": 1, ""B"": 3, ""C"": 5, ""D"": 0, ""E"": 4, ""F"": 2}",2026-07-08T14:02:17.911913
18,5,D,0,0,1,0,0,"{""A"": 1, ""B"": 3, ""C"": 5, ""D"": 0, ""E"": 4, ""F"": 2}",2026-07-08T14:02:18.881361
18,6,D,0,0,1,0,0,"{""A"": 1, ""B"": 3, ""C"": 5, ""D"": 0, ""E"": 4, ""F"": 2}",2026-07-08T14:02:19.668550
18,7,D,0,0,1,0,0,"{""A"": 1, ""B"": 3, ""C"": 5, ""D"": 0, ""E"": 4, ""F"": 2}",2026-07-08T14:02:21.343421
18,8,D,0,0,1,0,0,"{""A"": 1, ""B"": 3, ""C"": 5, ""D"": 0, ""E"": 4, ""F"": 2}",2026-07-08T14:02:22.561167
18,9,D,0,0,1,0,0,"{""A"": 1, ""B"": 3, ""C"": 5, ""D"": 0, ""E"": 4, ""F"": 2}",2026-07-08T14:02:25.504878
18,10,D,0,0,1,0,0,"{""A"": 1, ""B"": 3, ""C"": 5, ""D"": 0, ""E"": 4, ""F"": 2}",2026-07-08T14:02:26.499022
19,1,D,1,1,1,0,1,"{""A"": 5, ""B"": 3, ""C"": 4, ""D"": 1, ""E"": 0, ""F"": 2}",2026-07-08T14:02:27.521376
19,2,D,1,1,1,0,1,"{""A"": 5, ""B"": 3, ""C"": 4, ""D"": 1, ""E"": 0, ""F"": 2}",2026-07-08T14:02:28.755347
19,3,D,1,1,1,0,1,"{""A"": 5, ""B"": 3, ""C"": 4, ""D"": 1, ""E"": 0, ""F"": 2}",2026-07-08T14:02:29.440087
19,4,D,1,1,1,0,1,"{""A"": 5, ""B"": 3, ""C"": 4, ""D"": 1, ""E"": 0, ""F"": 2}",2026-07-08T14:02:30.538683
19,5,D,1,1,1,0,1,"{""A"": 5, ""B"": 3, ""C"": 4, ""D"": 1, ""E"": 0, ""F"": 2}",2026-07-08T14:02:31.363263
19,6,D,1,1,1,0,1,"{""A"": 5, ""B"": 3, ""C"": 4, ""D"": 1, ""E"": 0, ""F"": 2}",2026-07-08T14:02:32.102708
19,7,D,1,1,1,0,1,"{""A"": 5, ""B"": 3, ""C"": 4, ""D"": 1, ""E"": 0, ""F"": 2}",2026-07-08T14:02:33.016369
19,8,D,1,1,1,0,1,"{""A"": 5, ""B"": 3, ""C"": 4, ""D"": 1, ""E"": 0, ""F"": 2}",2026-07-08T14:02:34.521508
19,9,D,1,1,1,0,1,"{""A"": 5, ""B"": 3, ""C"": 4, ""D"": 1, ""E"": 0, ""F"": 2}",2026-07-08T14:02:35.957790
19,10,D,1,1,1,0,1,"{""A"": 5, ""B"": 3, ""C"": 4, ""D"": 1, ""E"": 0, ""F"": 2}",2026-07-08T14:02:36.693836
20,1,B,2,2,1,0,2,"{""A"": 3, ""B"": 2, ""C"": 0, ""D"": 4, ""E"": 5, ""F"": 1}",2026-07-08T14:02:38.182867
20,2,B,2,2,1,0,2,"{""A"": 3, ""B"": 2, ""C"": 0, ""D"": 4, ""E"": 5, ""F"": 1}",2026-07-08T14:02:38.803471
20,3,B,2,2,1,0,2,"{""A"": 3, ""B"": 2, ""C"": 0, ""D"": 4, ""E"": 5, ""F"": 1}",2026-07-08T14:02:39.717644
20,4,B,2,2,1,0,2,"{""A"": 3, ""B"": 2, ""C"": 0, ""D"": 4, ""E"": 5, ""F"": 1}",2026-07-08T14:02:41.058383
20,5,B,2,2,1,0,2,"{""A"": 3, ""B"": 2, ""C"": 0, ""D"": 4, ""E"": 5, ""F"": 1}",2026-07-08T14:02:41.986909
20,6,B,2,2,1,0,2,"{""A"": 3, ""B"": 2, ""C"": 0, ""D"": 4, ""E"": 5, ""F"": 1}",2026-07-08T14:02:43.740663
20,7,B,2,2,1,0,2,"{""A"": 3, ""B"": 2, ""C"": 0, ""D"": 4, ""E"": 5, ""F"": 1}",2026-07-08T14:02:45.359740
20,8,B,2,2,1,0,2,"{""A"": 3, ""B"": 2, ""C"": 0, ""D"": 4, ""E"": 5, ""F"": 1}",2026-07-08T14:02:46.467290
20,9,B,2,2,1,0,2,"{""A"": 3, ""B"": 2, ""C"": 0, ""D"": 4, ""E"": 5, ""F"": 1}",2026-07-08T14:02:47.611716
20,10,B,2,2,1,0,2,"{""A"": 3, ""B"": 2, ""C"": 0, ""D"": 4, ""E"": 5, ""F"": 1}",2026-07-08T14:02:48.614360
21,1,A,3,3,1,0,3,"{""A"": 3, ""B"": 1, ""C"": 0, ""D"": 4, ""E"": 2, ""F"": 5}",2026-07-08T14:02:49.175406
21,2,A,3,3,1,0,3,"{""A"": 3, ""B"": 1, ""C"": 0, ""D"": 4, ""E"": 2, ""F"": 5}",2026-07-08T14:02:50.065106
21,3,A,3,3,1,0,3,"{""A"": 3, ""B"": 1, ""C"": 0, ""D"": 4, ""E"": 2, ""F"": 5}",2026-07-08T14:02:51.998171
21,4,A,3,3,1,0,3,"{""A"": 3, ""B"": 1, ""C"": 0, ""D"": 4, ""E"": 2, ""F"": 5}",2026-07-08T14:02:52.852565
21,5,A,3,3,1,0,3,"{""A"": 3, ""B"": 1, ""C"": 0, ""D"": 4, ""E"": 2, ""F"": 5}",2026-07-08T14:02:53.662365
21,6,A,3,3,1,0,3,"{""A"": 3, ""B"": 1, ""C"": 0, ""D"": 4, ""E"": 2, ""F"": 5}",2026-07-08T14:02:54.675980
21,7,A,3,3,1,0,3,"{""A"": 3, ""B"": 1, ""C"": 0, ""D"": 4, ""E"": 2, ""F"": 5}",2026-07-08T14:02:55.449351
21,8,A,3,3,1,0,3,"{""A"": 3, ""B"": 1, ""C"": 0, ""D"": 4, ""E"": 2, ""F"": 5}",2026-07-08T14:02:56.501128
21,9,A,3,3,1,0,3,"{""A"": 3, ""B"": 1, ""C"": 0, ""D"": 4, ""E"": 2, ""F"": 5}",2026-07-08T14:02:58.185636
21,10,A,3,3,1,0,3,"{""A"": 3, ""B"": 1, ""C"": 0, ""D"": 4, ""E"": 2, ""F"": 5}",2026-07-08T14:02:58.895791
22,1,D,4,4,1,0,4,"{""A"": 3, ""B"": 0, ""C"": 5, ""D"": 4, ""E"": 1, ""F"": 2}",2026-07-08T14:03:00.112312
22,2,D,4,4,1,0,4,"{""A"": 3, ""B"": 0, ""C"": 5, ""D"": 4, ""E"": 1, ""F"": 2}",2026-07-08T14:03:01.625859
22,3,D,4,4,1,0,4,"{""A"": 3, ""B"": 0, ""C"": 5, ""D"": 4, ""E"": 1, ""F"": 2}",2026-07-08T14:03:02.433038
22,4,D,4,4,1,0,4,"{""A"": 3, ""B"": 0, ""C"": 5, ""D"": 4, ""E"": 1, ""F"": 2}",2026-07-08T14:03:03.452521
22,5,D,4,4,1,0,4,"{""A"": 3, ""B"": 0, ""C"": 5, ""D"": 4, ""E"": 1, ""F"": 2}",2026-07-08T14:03:04.184044
22,6,D,4,4,1,0,4,"{""A"": 3, ""B"": 0, ""C"": 5, ""D"": 4, ""E"": 1, ""F"": 2}",2026-07-08T14:03:05.096863
22,7,D,4,4,1,0,4,"{""A"": 3, ""B"": 0, ""C"": 5, ""D"": 4, ""E"": 1, ""F"": 2}",2026-07-08T14:03:06.070589
22,8,D,4,4,1,0,4,"{""A"": 3, ""B"": 0, ""C"": 5, ""D"": 4, ""E"": 1, ""F"": 2}",2026-07-08T14:03:06.796161
22,9,D,4,4,1,0,4,"{""A"": 3, ""B"": 0, ""C"": 5, ""D"": 4, ""E"": 1, ""F"": 2}",2026-07-08T14:03:07.481341
22,10,D,4,4,1,0,4,"{""A"": 3, ""B"": 0, ""C"": 5, ""D"": 4, ""E"": 1, ""F"": 2}",2026-07-08T14:03:08.877749
23,1,E,5,5,1,0,5,"{""A"": 2, ""B"": 3, ""C"": 0, ""D"": 1, ""E"": 5, ""F"": 4}",2026-07-08T14:03:09.762594
23,2,E,5,5,1,0,5,"{""A"": 2, ""B"": 3, ""C"": 0, ""D"": 1, ""E"": 5, ""F"": 4}",2026-07-08T14:03:10.728926
23,3,E,5,5,1,0,5,"{""A"": 2, ""B"": 3, ""C"": 0, ""D"": 1, ""E"": 5, ""F"": 4}",2026-07-08T14:03:11.461733
23,4,E,5,5,1,0,5,"{""A"": 2, ""B"": 3, ""C"": 0, ""D"": 1, ""E"": 5, ""F"": 4}",2026-07-08T14:03:12.715272
23,5,E,5,5,1,0,5,"{""A"": 2, ""B"": 3, ""C"": 0, ""D"": 1, ""E"": 5, ""F"": 4}",2026-07-08T14:03:15.463299
23,6,E,5,5,1,0,5,"{""A"": 2, ""B"": 3, ""C"": 0, ""D"": 1, ""E"": 5, ""F"": 4}",2026-07-08T14:03:16.392679
23,7,E,5,5,1,0,5,"{""A"": 2, ""B"": 3, ""C"": 0, ""D"": 1, ""E"": 5, ""F"": 4}",2026-07-08T14:03:18.750104
23,8,E,5,5,1,0,5,"{""A"": 2, ""B"": 3, ""C"": 0, ""D"": 1, ""E"": 5, ""F"": 4}",2026-07-08T14:03:19.628237
23,9,E,5,5,1,0,5,"{""A"": 2, ""B"": 3, ""C"": 0, ""D"": 1, ""E"": 5, ""F"": 4}",2026-07-08T14:03:20.288941
23,10,E,5,5,1,0,5,"{""A"": 2, ""B"": 3, ""C"": 0, ""D"": 1, ""E"": 5, ""F"": 4}",2026-07-08T14:03:21.523963
24,1,D,0,0,1,0,0,"{""A"": 4, ""B"": 2, ""C"": 5, ""D"": 0, ""E"": 1, ""F"": 3}",2026-07-08T14:03:22.994475
24,2,D,0,0,1,0,0,"{""A"": 4, ""B"": 2, ""C"": 5, ""D"": 0, ""E"": 1, ""F"": 3}",2026-07-08T14:03:24.316102
24,3,D,0,0,1,0,0,"{""A"": 4, ""B"": 2, ""C"": 5, ""D"": 0, ""E"": 1, ""F"": 3}",2026-07-08T14:03:25.490311
24,4,D,0,0,1,0,0,"{""A"": 4, ""B"": 2, ""C"": 5, ""D"": 0, ""E"": 1, ""F"": 3}",2026-07-08T14:03:28.075703
24,5,D,0,0,1,0,0,"{""A"": 4, ""B"": 2, ""C"": 5, ""D"": 0, ""E"": 1, ""F"": 3}",2026-07-08T14:03:30.126084
24,6,D,0,0,1,0,0,"{""A"": 4, ""B"": 2, ""C"": 5, ""D"": 0, ""E"": 1, ""F"": 3}",2026-07-08T14:03:31.884082
24,7,D,0,0,1,0,0,"{""A"": 4, ""B"": 2, ""C"": 5, ""D"": 0, ""E"": 1, ""F"": 3}",2026-07-08T14:03:32.766863
24,8,D,0,0,1,0,0,"{""A"": 4, ""B"": 2, ""C"": 5, ""D"": 0, ""E"": 1, ""F"": 3}",2026-07-08T14:03:33.612824
24,9,D,0,0,1,0,0,"{""A"": 4, ""B"": 2, ""C"": 5, ""D"": 0, ""E"": 1, ""F"": 3}",2026-07-08T14:03:34.424734
24,10,D,0,0,1,0,0,"{""A"": 4, ""B"": 2, ""C"": 5, ""D"": 0, ""E"": 1, ""F"": 3}",2026-07-08T14:03:34.999214
25,1,D,1,1,1,0,1,"{""A"": 3, ""B"": 2, ""C"": 4, ""D"": 1, ""E"": 5, ""F"": 0}",2026-07-08T14:03:36.416880
25,2,D,1,1,1,0,1,"{""A"": 3, ""B"": 2, ""C"": 4, ""D"": 1, ""E"": 5, ""F"": 0}",2026-07-08T14:03:37.611884
25,3,D,1,1,1,0,1,"{""A"": 3, ""B"": 2, ""C"": 4, ""D"": 1, ""E"": 5, ""F"": 0}",2026-07-08T14:03:38.292360
25,4,D,1,1,1,0,1,"{""A"": 3, ""B"": 2, ""C"": 4, ""D"": 1, ""E"": 5, ""F"": 0}",2026-07-08T14:03:38.951623
25,5,D,1,1,1,0,1,"{""A"": 3, ""B"": 2, ""C"": 4, ""D"": 1, ""E"": 5, ""F"": 0}",2026-07-08T14:03:39.708404
25,6,D,1,1,1,0,1,"{""A"": 3, ""B"": 2, ""C"": 4, ""D"": 1, ""E"": 5, ""F"": 0}",2026-07-08T14:03:41.261495
25,7,D,1,1,1,0,1,"{""A"": 3, ""B"": 2, ""C"": 4, ""D"": 1, ""E"": 5, ""F"": 0}",2026-07-08T14:03:42.493434
25,8,D,1,1,1,0,1,"{""A"": 3, ""B"": 2, ""C"": 4, ""D"": 1, ""E"": 5, ""F"": 0}",2026-07-08T14:03:43.321167
25,9,D,1,1,1,0,1,"{""A"": 3, ""B"": 2, ""C"": 4, ""D"": 1, ""E"": 5, ""F"": 0}",2026-07-08T14:03:44.412179
25,10,D,1,1,1,0,1,"{""A"": 3, ""B"": 2, ""C"": 4, ""D"": 1, ""E"": 5, ""F"": 0}",2026-07-08T14:03:45.430088
26,1,B,2,2,1,0,2,"{""A"": 4, ""B"": 2, ""C"": 5, ""D"": 3, ""E"": 0, ""F"": 1}",2026-07-08T14:03:46.734037
26,2,B,2,2,1,0,2,"{""A"": 4, ""B"": 2, ""C"": 5, ""D"": 3, ""E"": 0, ""F"": 1}",2026-07-08T14:03:47.732435
26,3,B,2,2,1,0,2,"{""A"": 4, ""B"": 2, ""C"": 5, ""D"": 3, ""E"": 0, ""F"": 1}",2026-07-08T14:03:49.317058
26,4,B,2,2,1,0,2,"{""A"": 4, ""B"": 2, ""C"": 5, ""D"": 3, ""E"": 0, ""F"": 1}",2026-07-08T14:03:50.994545
26,5,B,2,2,1,0,2,"{""A"": 4, ""B"": 2, ""C"": 5, ""D"": 3, ""E"": 0, ""F"": 1}",2026-07-08T14:03:52.255458
26,6,B,2,2,1,0,2,"{""A"": 4, ""B"": 2, ""C"": 5, ""D"": 3, ""E"": 0, ""F"": 1}",2026-07-08T14:03:53.570913
26,7,B,2,2,1,0,2,"{""A"": 4, ""B"": 2, ""C"": 5, ""D"": 3, ""E"": 0, ""F"": 1}",2026-07-08T14:03:54.351984
26,8,B,2,2,1,0,2,"{""A"": 4, ""B"": 2, ""C"": 5, ""D"": 3, ""E"": 0, ""F"": 1}",2026-07-08T14:03:55.112132
26,9,B,2,2,1,0,2,"{""A"": 4, ""B"": 2, ""C"": 5, ""D"": 3, ""E"": 0, ""F"": 1}",2026-07-08T14:03:55.847232
26,10,B,2,2,1,0,2,"{""A"": 4, ""B"": 2, ""C"": 5, ""D"": 3, ""E"": 0, ""F"": 1}",2026-07-08T14:03:56.644103
27,1,B,3,3,1,0,3,"{""A"": 4, ""B"": 3, ""C"": 1, ""D"": 2, ""E"": 5, ""F"": 0}",2026-07-08T14:03:58.407866
27,2,B,3,3,1,0,3,"{""A"": 4, ""B"": 3, ""C"": 1, ""D"": 2, ""E"": 5, ""F"": 0}",2026-07-08T14:03:59.085362
27,3,B,3,3,1,0,3,"{""A"": 4, ""B"": 3, ""C"": 1, ""D"": 2, ""E"": 5, ""F"": 0}",2026-07-08T14:04:00.286392
27,4,B,3,3,1,0,3,"{""A"": 4, ""B"": 3, ""C"": 1, ""D"": 2, ""E"": 5, ""F"": 0}",2026-07-08T14:04:00.910096
27,5,B,3,3,1,0,3,"{""A"": 4, ""B"": 3, ""C"": 1, ""D"": 2, ""E"": 5, ""F"": 0}",2026-07-08T14:04:02.756418
27,6,B,3,3,1,0,3,"{""A"": 4, ""B"": 3, ""C"": 1, ""D"": 2, ""E"": 5, ""F"": 0}",2026-07-08T14:04:03.975773
27,7,B,3,3,1,0,3,"{""A"": 4, ""B"": 3, ""C"": 1, ""D"": 2, ""E"": 5, ""F"": 0}",2026-07-08T14:04:05.022471
27,8,B,3,3,1,0,3,"{""A"": 4, ""B"": 3, ""C"": 1, ""D"": 2, ""E"": 5, ""F"": 0}",2026-07-08T14:04:05.985270
27,9,B,3,3,1,0,3,"{""A"": 4, ""B"": 3, ""C"": 1, ""D"": 2, ""E"": 5, ""F"": 0}",2026-07-08T14:04:06.969408
27,10,B,3,3,1,0,3,"{""A"": 4, ""B"": 3, ""C"": 1, ""D"": 2, ""E"": 5, ""F"": 0}",2026-07-08T14:04:07.973930
28,1,D,4,4,1,0,4,"{""A"": 2, ""B"": 3, ""C"": 0, ""D"": 4, ""E"": 1, ""F"": 5}",2026-07-08T14:04:09.004139
28,2,D,4,4,1,0,4,"{""A"": 2, ""B"": 3, ""C"": 0, ""D"": 4, ""E"": 1, ""F"": 5}",2026-07-08T14:04:09.696967
28,3,D,4,4,1,0,4,"{""A"": 2, ""B"": 3, ""C"": 0, ""D"": 4, ""E"": 1, ""F"": 5}",2026-07-08T14:04:10.549931
28,4,D,4,4,1,0,4,"{""A"": 2, ""B"": 3, ""C"": 0, ""D"": 4, ""E"": 1, ""F"": 5}",2026-07-08T14:04:11.349873
28,5,D,4,4,1,0,4,"{""A"": 2, ""B"": 3, ""C"": 0, ""D"": 4, ""E"": 1, ""F"": 5}",2026-07-08T14:04:12.011624
28,6,D,4,4,1,0,4,"{""A"": 2, ""B"": 3, ""C"": 0, ""D"": 4, ""E"": 1, ""F"": 5}",2026-07-08T14:04:13.162021
28,7,D,4,4,1,0,4,"{""A"": 2, ""B"": 3, ""C"": 0, ""D"": 4, ""E"": 1, ""F"": 5}",2026-07-08T14:04:14.862362
28,8,D,4,4,1,0,4,"{""A"": 2, ""B"": 3, ""C"": 0, ""D"": 4, ""E"": 1, ""F"": 5}",2026-07-08T14:04:15.724240
28,9,D,4,4,1,0,4,"{""A"": 2, ""B"": 3, ""C"": 0, ""D"": 4, ""E"": 1, ""F"": 5}",2026-07-08T14:04:16.456199
28,10,D,4,4,1,0,4,"{""A"": 2, ""B"": 3, ""C"": 0, ""D"": 4, ""E"": 1, ""F"": 5}",2026-07-08T14:04:17.305385
29,1,B,5,5,1,0,5,"{""A"": 3, ""B"": 5, ""C"": 2, ""D"": 1, ""E"": 0, ""F"": 4}",2026-07-08T14:04:19.241450
29,2,B,5,5,1,0,5,"{""A"": 3, ""B"": 5, ""C"": 2, ""D"": 1, ""E"": 0, ""F"": 4}",2026-07-08T14:04:20.366929
29,3,B,5,5,1,0,5,"{""A"": 3, ""B"": 5, ""C"": 2, ""D"": 1, ""E"": 0, ""F"": 4}",2026-07-08T14:04:22.288712
29,4,B,5,5,1,0,5,"{""A"": 3, ""B"": 5, ""C"": 2, ""D"": 1, ""E"": 0, ""F"": 4}",2026-07-08T14:04:24.048964
29,5,B,5,5,1,0,5,"{""A"": 3, ""B"": 5, ""C"": 2, ""D"": 1, ""E"": 0, ""F"": 4}",2026-07-08T14:04:25.040057
29,6,B,5,5,1,0,5,"{""A"": 3, ""B"": 5, ""C"": 2, ""D"": 1, ""E"": 0, ""F"": 4}",2026-07-08T14:04:26.021126
29,7,B,5,5,1,0,5,"{""A"": 3, ""B"": 5, ""C"": 2, ""D"": 1, ""E"": 0, ""F"": 4}",2026-07-08T14:04:27.568671
29,8,B,5,5,1,0,5,"{""A"": 3, ""B"": 5, ""C"": 2, ""D"": 1, ""E"": 0, ""F"": 4}",2026-07-08T14:04:29.846558
29,9,B,5,5,1,0,5,"{""A"": 3, ""B"": 5, ""C"": 2, ""D"": 1, ""E"": 0, ""F"": 4}",2026-07-08T14:04:31.124229
29,10,B,5,5,1,0,5,"{""A"": 3, ""B"": 5, ""C"": 2, ""D"": 1, ""E"": 0, ""F"": 4}",2026-07-08T14:04:31.793200
