persona_id,question_id,average_score,standard_deviation
0,1,4.9,0.31622776601683794
0,2,4.9,0.31622776601683794
0,3,5.0,0.0
0,4,5.0,0.0
0,5,5.0,0.0
0,6,5.0,0.0
0,7,4.6,0.5163977794943222
0,8,5.0,0.0
0,9,4.7,0.48304589153964794
0,10,5.0,0.0
0,11,5.0,0.0
0,12,4.7,0.6749485577105528
0,13,5.0,0.0
0,14,4.1,0.31622776601683794
0,15,5.0,0.0
0,16,4.9,0.31622776601683794
0,17,5.0,0.0
0,18,4.6,0.699205898780101
0,19,5.0,0.0
0,20,5.0,0.0
0,21,5.0,0.0
0,22,5.0,0.0
0,23,5.0,0.0
0,24,5.0,0.0
0,25,5.0,0.0
0,26,5.0,0.0
0,27,5.0,0.0
0,28,4.3,0.9486832980505138
0,29,5.0,0.0
0,30,4.8,0.6324555320336759
1,1,5.0,0.0
1,2,4.5,0.5270462766947299
1,3,5.0,0.0
1,4,5.0,0.0
1,5,4.9,0.31622776601683794
1,6,4.1,0.31622776601683794
1,7,4.7,0.48304589153964794
1,8,4.9,0.31622776601683794
1,9,4.7,0.48304589153964794
1,10,4.9,0.31622776601683794
1,11,4.7,0.48304589153964794
1,12,4.7,0.48304589153964794
1,13,5.0,0.0
1,14,4.6,0.5163977794943222
1,15,5.0,0.0
1,16,5.0,0.0
1,17,5.0,0.0
1,18,4.7,0.6749485577105528
1,19,5.0,0.0
1,20,5.0,0.0
1,21,5.0,0.0
1,22,5.0,0.0
1,23,5.0,0.0
1,24,5.0,0.0
1,25,4.8,0.6324555320336759
1,26,5.0,0.0
1,27,4.9,0.31622776601683794
1,28,5.0,0.0
1,29,5.0,0.0
1,30,5.0,0.0
2,1,4.7,0.6749485577105528
2,2,4.3,0.48304589153964794
2,3,4.7,0.6749485577105528
2,4,4.9,0.31622776601683794
2,5,4.5,0.5270462766947299
2,6,4.4,0.6992058987801011
2,7,5.0,0.0
2,8,4.8,0.4216370213557839
2,9,4.2,0.4216370213557839
2,10,4.6,0.5163977794943222
2,11,4.5,0.5270462766947299
2,12,5.0,0.0
2,13,4.8,0.4216370213557839
2,14,4.4,0.5163977794943222
2,15,4.9,0.31622776601683794
2,16,5.0,0.0
2,17,4.9,0.31622776601683794
2,18,4.8,0.4216370213557839
2,19,4.5,0.8498365855987975
2,20,4.6,0.8432740427115678
2,21,5.0,0.0
2,22,5.0,0.0
2,23,4.9,0.31622776601683794
2,24,4.9,0.31622776601683794
2,25,4.2,0.7888106377466155
2,26,5.0,0.0
2,27,5.0,0.0
2,28,3.9,0.5676462121975467
2,29,4.9,0.31622776601683794
2,30,5.0,0.0
3,1,5.0,0.0
3,2,4.6,0.5163977794943222
3,3,5.0,0.0
3,4,5.0,0.0
3,5,5.0,0.0
3,6,4.5,0.5270462766947299
3,7,4.5,0.5270462766947299
3,8,4.9,0.31622776601683794
3,9,4.6,0.5163977794943222
3,10,5.0,0.0
3,11,4.6,0.5163977794943222
3,12,5.0,0.0
3,13,5.0,0.0
3,14,4.1,0.5676462121975466
3,15,4.7,0.48304589153964794
3,16,5.0,0.0
3,17,5.0,0.0
3,18,4.9,0.31622776601683794
3,19,5.0,0.0
3,20,4.8,0.6324555320336759
3,21,5.0,0.0
3,22,5.0,0.0
3,23,5.0,0.0
3,24,5.0,0.0
3,25,5.0,0.0
3,26,5.0,0.0
3,27,5.0,0.0
3,28,4.7,0.6749485577105528
3,29,5.0,0.0
3,30,5.0,0.0
4,1,4.9,0.31622776601683794
4,2,4.2,0.4216370213557839
4,3,4.8,0.4216370213557839
4,4,4.8,0.4216370213557839
4,5,4.2,0.4216370213557839
4,6,4.6,0.5163977794943222
4,7,4.9,0.31622776601683794
4,8,4.8,0.4216370213557839
4,9,4.7,0.48304589153964794
4,10,4.9,0.31622776601683794
4,11,4.4,0.5163977794943222
4,12,3.9,0.9944289260117533
4,13,4.9,0.31622776601683794
4,14,4.8,0.4216370213557839
4,15,4.8,0.4216370213557839
4,16,4.8,0.6324555320336759
4,17,4.8,0.6324555320336759
4,18,4.0,0.9428090415820634
4,19,5.0,0.0
4,20,4.6,0.8432740427115678
4,21,5.0,0.0
4,22,4.8,0.6324555320336759
4,23,5.0,0.0
4,24,5.0,0.0
4,25,4.7,0.6749485577105528
4,26,4.5,1.5811388300841898
4,27,5.0,0.0
4,28,3.6,0.9660917830792958
4,29,5.0,0.0
4,30,5.0,0.0
5,1,5.0,0.0
5,2,4.0,2.1081851067789197
5,3,5.0,0.0
5,4,5.0,0.0
5,5,5.0,0.0
5,6,4.4,1.577621275493231
5,7,4.9,0.31622776601683794
5,8,5.0,0.0
5,9,3.4,2.3664319132398464
5,10,5.0,0.0
5,11,5.0,0.0
5,12,2.9,2.1832697191750423
5,13,5.0,0.0
5,14,4.5,0.5270462766947299
5,15,5.0,0.0
5,16,4.8,0.6324555320336759
5,17,5.0,0.0
5,18,3.7,0.6749485577105528
5,19,5.0,0.0
5,20,5.0,0.0
5,21,5.0,0.0
5,22,5.0,0.0
5,23,5.0,0.0
5,24,5.0,0.0
5,25,5.0,0.0
5,26,5.0,0.0
5,27,4.9,0.31622776601683794
5,28,4.9,0.31622776601683794
5,29,5.0,0.0
5,30,5.0,0.0
6,1,5.0,0.0
6,2,4.7,0.48304589153964794
6,3,4.9,0.31622776601683794
6,4,5.0,0.0
6,5,5.0,0.0
6,6,4.8,0.6324555320336759
6,7,5.0,0.0
6,8,4.9,0.31622776601683794
6,9,4.3,0.48304589153964794
6,10,5.0,0.0
6,11,5.0,0.0
6,12,5.0,0.0
6,13,5.0,0.0
6,14,5.0,0.0
6,15,4.9,0.31622776601683794
6,16,5.0,0.0
6,17,5.0,0.0
6,18,4.7,0.48304589153964794
6,19,4.9,0.31622776601683794
6,20,5.0,0.0
6,21,5.0,0.0
6,22,5.0,0.0
6,23,5.0,0.0
6,24,5.0,0.0
6,25,5.0,0.0
6,26,5.0,0.0
6,27,5.0,0.0
6,28,4.9,0.31622776601683794
6,29,5.0,0.0
6,30,5.0,0.0
7,1,4.5,0.5270462766947299
7,2,4.4,0.5163977794943222
7,3,3.9,0.5676462121975467
7,4,4.7,0.48304589153964794
7,5,4.9,0.31622776601683794
7,6,4.2,0.4216370213557839
7,7,4.3,0.48304589153964794
7,8,4.8,0.4216370213557839
7,9,4.8,0.4216370213557839
7,10,5.0,0.0
7,11,4.4,0.5163977794943222
7,12,4.5,0.5270462766947299
7,13,5.0,0.0
7,14,4.6,0.5163977794943222
7,15,4.7,0.48304589153964794
7,16,4.9,0.31622776601683794
7,17,5.0,0.0
7,18,5.0,0.0
7,19,4.4,0.9660917830792959
7,20,4.4,0.9660917830792959
7,21,5.0,0.0
7,22,5.0,0.0
7,23,5.0,0.0
7,24,4.8,0.4216370213557839
7,25,5.0,0.0
7,26,5.0,0.0
7,27,5.0,0.0
7,28,4.3,0.8232726023485646
7,29,5.0,0.0
7,30,5.0,0.0
8,1,5.0,0.0
8,2,4.6,0.5163977794943222
8,3,5.0,0.0
8,4,4.9,0.31622776601683794
8,5,5.0,0.0
8,6,4.8,0.4216370213557839
8,7,4.5,0.5270462766947299
8,8,5.0,0.0
8,9,4.1,0.31622776601683794
8,10,5.0,0.0
8,11,4.9,0.31622776601683794
8,12,4.4,0.5163977794943222
8,13,5.0,0.0
8,14,4.5,0.5270462766947299
8,15,5.0,0.0
8,16,4.7,0.6749485577105528
8,17,4.9,0.31622776601683794
8,18,5.0,0.0
8,19,5.0,0.0
8,20,5.0,0.0
8,21,5.0,0.0
8,22,4.8,0.6324555320336759
8,23,5.0,0.0
8,24,4.4,0.8432740427115678
8,25,4.8,0.6324555320336759
8,26,5.0,0.0
8,27,4.4,0.8432740427115678
8,28,5.0,0.0
8,29,5.0,0.0
8,30,4.9,0.31622776601683794
9,1,4.8,0.4216370213557839
9,2,4.7,0.48304589153964794
9,3,5.0,0.0
9,4,4.8,0.4216370213557839
9,5,4.8,0.4216370213557839
9,6,4.6,0.5163977794943222
9,7,4.6,0.5163977794943222
9,8,5.0,0.0
9,9,4.2,0.4216370213557839
9,10,5.0,0.0
9,11,3.9,0.5676462121975466
9,12,4.9,0.31622776601683794
9,13,5.0,0.0
9,14,4.6,0.5163977794943222
9,15,4.9,0.31622776601683794
9,16,4.4,0.8432740427115678
9,17,5.0,0.0
9,18,4.5,0.7071067811865476
9,19,5.0,0.0
9,20,4.6,0.8432740427115678
9,21,5.0,0.0
9,22,5.0,0.0
9,23,5.0,0.0
9,24,5.0,0.0
9,25,5.0,0.0
9,26,5.0,0.0
9,27,5.0,0.0
9,28,4.3,0.9486832980505138
9,29,5.0,0.0
9,30,5.0,0.0
10,1,4.6,0.5163977794943222
10,2,4.5,0.5270462766947299
10,3,4.7,0.48304589153964794
10,4,4.8,0.4216370213557839
10,5,4.9,0.31622776601683794
10,6,5.0,0.0
10,7,4.7,0.48304589153964794
10,8,4.8,0.4216370213557839
10,9,4.1,0.31622776601683794
10,10,4.9,0.31622776601683794
10,11,4.5,0.5270462766947299
10,12,4.6,0.5163977794943222
10,13,5.0,0.0
10,14,4.5,0.5270462766947299
10,15,4.6,0.5163977794943222
10,16,4.9,0.31622776601683794
10,17,5.0,0.0
10,18,4.6,0.5163977794943222
10,19,4.9,0.31622776601683794
10,20,4.9,0.31622776601683794
10,21,5.0,0.0
10,22,5.0,0.0
10,23,5.0,0.0
10,24,4.8,0.4216370213557839
10,25,4.4,0.5163977794943222
10,26,5.0,0.0
10,27,5.0,0.0
10,28,4.9,0.31622776601683794
10,29,5.0,0.0
10,30,5.0,0.0
11,1,4.9,0.31622776601683794
11,2,4.0,0.4714045207910317
11,3,4.1,0.31622776601683794
11,4,4.4,0.5163977794943222
11,5,4.7,0.48304589153964794
11,6,4.3,0.6749485577105528
11,7,4.2,0.4216370213557839
11,8,4.6,0.5163977794943222
11,9,4.6,0.5163977794943222
11,10,4.7,0.48304589153964794
11,11,4.4,0.5163977794943222
11,12,4.8,0.4216370213557839
11,13,4.4,0.5163977794943222
11,14,4.1,0.31622776601683794
11,15,4.7,0.48304589153964794
11,16,5.0,0.0
11,17,5.0,0.0
11,18,3.1,0.31622776601683794
11,19,4.8,0.6324555320336759
11,20,4.6,0.8432740427115678
11,21,5.0,0.0
11,22,5.0,0.0
11,23,5.0,0.0
11,24,5.0,0.0
11,25,4.8,0.6324555320336759
11,26,5.0,0.0
11,27,4.8,0.4216370213557839
11,28,4.1,0.8755950357709131
11,29,4.9,0.31622776601683794
11,30,4.6,0.699205898780101
12,1,5.0,0.0
12,2,4.1,0.31622776601683794
12,3,4.6,0.699205898780101
12,4,4.9,0.31622776601683794
12,5,4.9,0.31622776601683794
12,6,4.4,0.5163977794943222
12,7,4.6,0.699205898780101
12,8,5.0,0.0
12,9,4.9,0.31622776601683794
12,10,5.0,0.0
12,11,4.8,0.4216370213557839
12,12,4.6,0.5163977794943222
12,13,5.0,0.0
12,14,4.9,0.31622776601683794
12,15,4.5,0.8498365855987975
12,16,5.0,0.0
12,17,5.0,0.0
12,18,3.3,0.48304589153964794
12,19,5.0,0.0
12,20,5.0,0.0
12,21,5.0,0.0
12,22,5.0,0.0
12,23,5.0,0.0
12,24,5.0,0.0
12,25,5.0,0.0
12,26,5.0,0.0
12,27,5.0,0.0
12,28,5.0,0.0
12,29,5.0,0.0
12,30,4.8,0.6324555320336759
13,1,4.8,0.4216370213557839
13,2,4.9,0.31622776601683794
13,3,4.9,0.31622776601683794
13,4,4.0,2.1081851067789197
13,5,5.0,0.0
13,6,4.4,0.8432740427115678
13,7,4.9,0.31622776601683794
13,8,5.0,0.0
13,9,4.0,2.1081851067789197
13,10,5.0,0.0
13,11,4.9,0.31622776601683794
13,12,4.4,0.9660917830792959
13,13,5.0,0.0
13,14,4.6,0.5163977794943222
13,15,5.0,0.0
13,16,5.0,0.0
13,17,5.0,0.0
13,18,3.4,0.6992058987801011
13,19,4.6,0.8432740427115678
13,20,5.0,0.0
13,21,5.0,0.0
13,22,5.0,0.0
13,23,5.0,0.0
13,24,4.5,0.7071067811865476
13,25,4.9,0.31622776601683794
13,26,5.0,0.0
13,27,5.0,0.0
13,28,4.6,0.5163977794943222
13,29,5.0,0.0
13,30,5.0,0.0
14,1,4.6,0.5163977794943222
14,2,4.3,0.6749485577105528
14,3,5.0,0.0
14,4,4.9,0.31622776601683794
14,5,4.8,0.4216370213557839
14,6,4.2,0.4216370213557839
14,7,4.9,0.31622776601683794
14,8,5.0,0.0
14,9,3.8,0.6324555320336759
14,10,4.9,0.31622776601683794
14,11,4.9,0.31622776601683794
14,12,4.8,0.4216370213557839
14,13,5.0,0.0
14,14,4.1,0.31622776601683794
14,15,4.1,0.8755950357709131
14,16,4.8,0.6324555320336759
14,17,5.0,0.0
14,18,4.8,0.6324555320336759
14,19,5.0,0.0
14,20,5.0,0.0
14,21,5.0,0.0
14,22,5.0,0.0
14,23,5.0,0.0
14,24,4.7,0.6749485577105528
14,25,4.9,0.31622776601683794
14,26,5.0,0.0
14,27,4.8,0.4216370213557839
14,28,5.0,0.0
14,29,5.0,0.0
14,30,4.8,0.6324555320336759
15,1,4.1,0.5676462121975466
15,2,4.2,0.4216370213557839
15,3,4.1,0.31622776601683794
15,4,4.3,0.8232726023485646
15,5,4.9,0.31622776601683794
15,6,4.1,0.31622776601683794
15,7,4.4,0.5163977794943222
15,8,4.3,0.48304589153964794
15,9,3.9,0.31622776601683794
15,10,4.4,0.8432740427115678
15,11,4.1,0.5676462121975466
15,12,4.2,0.6324555320336759
15,13,4.5,0.5270462766947299
15,14,4.0,0.0
15,15,4.8,0.6324555320336759
15,16,4.8,0.4216370213557839
15,17,5.0,0.0
15,18,3.6,0.5163977794943223
15,19,5.0,0.0
15,20,3.4,0.8432740427115679
15,21,5.0,0.0
15,22,4.8,0.6324555320336759
15,23,5.0,0.0
15,24,4.9,0.31622776601683794
15,25,4.0,0.816496580927726
15,26,5.0,0.0
15,27,4.7,0.6749485577105528
15,28,4.0,0.0
15,29,4.8,0.6324555320336759
15,30,4.2,0.9189365834726815
16,1,4.7,0.48304589153964794
16,2,4.1,0.31622776601683794
16,3,4.2,0.4216370213557839
16,4,4.3,0.48304589153964794
16,5,4.2,0.4216370213557839
16,6,4.1,0.31622776601683794
16,7,4.0,0.0
16,8,4.8,0.4216370213557839
16,9,4.2,0.4216370213557839
16,10,5.0,0.0
16,11,4.3,0.48304589153964794
16,12,3.9,0.5676462121975466
16,13,4.4,0.5163977794943222
16,14,4.0,0.0
16,15,4.9,0.31622776601683794
16,16,4.2,0.9189365834726815
16,17,5.0,0.0
16,18,4.0,0.9428090415820634
16,19,5.0,0.0
16,20,4.8,0.6324555320336759
16,21,5.0,0.0
16,22,5.0,0.0
16,23,5.0,0.0
16,24,4.5,0.7071067811865476
16,25,5.0,0.0
16,26,5.0,0.0
16,27,5.0,0.0
16,28,4.2,0.9189365834726815
16,29,5.0,0.0
16,30,4.7,0.6749485577105528
17,1,4.9,0.31622776601683794
17,2,4.9,0.31622776601683794
17,3,5.0,0.0
17,4,5.0,0.0
17,5,4.8,0.4216370213557839
17,6,4.7,0.48304589153964794
17,7,5.0,0.0
17,8,5.0,0.0
17,9,4.6,0.6992058987801011
17,10,5.0,0.0
17,11,4.9,0.31622776601683794
17,12,5.0,0.0
17,13,5.0,0.0
17,14,4.6,0.5163977794943222
17,15,5.0,0.0
17,16,5.0,0.0
17,17,5.0,0.0
17,18,4.9,0.31622776601683794
17,19,5.0,0.0
17,20,5.0,0.0
17,21,5.0,0.0
17,22,5.0,0.0
17,23,5.0,0.0
17,24,5.0,0.0
17,25,4.9,0.31622776601683794
17,26,5.0,0.0
17,27,5.0,0.0
17,28,4.7,0.6749485577105528
17,29,5.0,0.0
17,30,5.0,0.0
18,1,4.4,0.5163977794943222
18,2,4.1,0.31622776601683794
18,3,4.3,0.48304589153964794
18,4,4.6,0.5163977794943222
18,5,4.9,0.31622776601683794
18,6,4.2,0.6324555320336759
18,7,4.6,0.5163977794943222
18,8,4.3,0.48304589153964794
18,9,3.9,0.31622776601683794
18,10,5.0,0.0
18,11,4.2,0.7888106377466155
18,12,4.6,0.8432740427115678
18,13,4.7,0.48304589153964794
18,14,4.2,0.4216370213557839
18,15,4.1,0.8755950357709131
18,16,4.5,0.8498365855987975
18,17,5.0,0.0
18,18,3.9,0.8755950357709131
18,19,4.8,0.6324555320336759
18,20,3.9,0.9944289260117533
18,21,5.0,0.0
18,22,4.9,0.31622776601683794
18,23,5.0,0.0
18,24,4.8,0.4216370213557839
18,25,4.6,0.8432740427115678
18,26,5.0,0.0
18,27,5.0,0.0
18,28,4.3,0.6749485577105528
18,29,5.0,0.0
18,30,4.3,0.9486832980505138
19,1,5.0,0.0
19,2,4.6,0.5163977794943222
19,3,4.2,0.4216370213557839
19,4,4.7,0.48304589153964794
19,5,4.5,0.5270462766947299
19,6,4.8,0.4216370213557839
19,7,5.0,0.0
19,8,4.5,0.5270462766947299
19,9,4.2,0.4216370213557839
19,10,4.4,0.5163977794943222
19,11,4.8,0.4216370213557839
19,12,4.9,0.31622776601683794
19,13,4.8,0.4216370213557839
19,14,4.2,0.4216370213557839
19,15,4.6,0.5163977794943222
19,16,4.9,0.31622776601683794
19,17,5.0,0.0
19,18,5.0,0.0
19,19,4.8,0.6324555320336759
19,20,4.8,0.6324555320336759
19,21,5.0,0.0
19,22,5.0,0.0
19,23,5.0,0.0
19,24,4.0,0.816496580927726
19,25,4.6,0.699205898780101
19,26,5.0,0.0
19,27,5.0,0.0
19,28,3.2,1.3165611772087666
19,29,5.0,0.0
19,30,5.0,0.0
20,1,4.7,0.48304589153964794
20,2,4.5,0.5270462766947299
20,3,4.7,0.48304589153964794
20,4,4.1,0.31622776601683794
20,5,4.5,0.5270462766947299
20,6,5.0,0.0
20,7,4.1,0.31622776601683794
20,8,4.9,0.31622776601683794
20,9,4.0,0.0
20,10,5.0,0.0
20,11,4.9,0.31622776601683794
20,12,4.5,0.7071067811865476
20,13,4.1,0.31622776601683794
20,14,4.1,0.31622776601683794
20,15,4.7,0.48304589153964794
20,16,5.0,0.0
20,17,5.0,0.0
20,18,4.1,0.9944289260117533
20,19,5.0,0.0
20,20,4.7,0.6749485577105528
20,21,5.0,0.0
20,22,5.0,0.0
20,23,5.0,0.0
20,24,4.9,0.31622776601683794
20,25,4.7,0.48304589153964794
20,26,5.0,0.0
20,27,4.6,0.8432740427115678
20,28,4.8,0.4216370213557839
20,29,5.0,0.0
20,30,4.5,0.8498365855987975
21,1,4.8,0.4216370213557839
21,2,4.6,0.5163977794943222
21,3,4.1,0.31622776601683794
21,4,4.7,0.6749485577105528
21,5,4.9,0.31622776601683794
21,6,4.4,0.6992058987801011
21,7,5.0,0.0
21,8,4.7,0.48304589153964794
21,9,4.3,0.6749485577105528
21,10,5.0,0.0
21,11,5.0,0.0
21,12,5.0,0.0
21,13,4.9,0.31622776601683794
21,14,4.5,0.5270462766947299
21,15,4.5,0.8498365855987975
21,16,4.9,0.31622776601683794
21,17,5.0,0.0
21,18,4.2,0.4216370213557839
21,19,5.0,0.0
21,20,4.8,0.6324555320336759
21,21,5.0,0.0
21,22,5.0,0.0
21,23,4.9,0.31622776601683794
21,24,4.5,0.5270462766947299
21,25,4.1,0.7378647873726218
21,26,5.0,0.0
21,27,4.7,0.48304589153964794
21,28,3.9,0.31622776601683794
21,29,5.0,0.0
21,30,3.9,0.7378647873726218
22,1,4.5,0.8498365855987975
22,2,4.7,0.48304589153964794
22,3,4.7,0.6749485577105528
22,4,4.6,0.5163977794943222
22,5,4.8,0.4216370213557839
22,6,4.4,0.5163977794943222
22,7,4.7,0.48304589153964794
22,8,4.5,0.5270462766947299
22,9,4.8,0.4216370213557839
22,10,4.9,0.31622776601683794
22,11,4.5,0.5270462766947299
22,12,3.6,1.3498971154211057
22,13,4.5,0.5270462766947299
22,14,4.0,0.0
22,15,4.6,0.699205898780101
22,16,4.8,0.4216370213557839
22,17,5.0,0.0
22,18,4.3,0.8232726023485646
22,19,5.0,0.0
22,20,4.8,0.6324555320336759
22,21,5.0,0.0
22,22,4.9,0.31622776601683794
22,23,5.0,0.0
22,24,4.9,0.31622776601683794
22,25,4.8,0.4216370213557839
22,26,5.0,0.0
22,27,5.0,0.0
22,28,4.8,0.6324555320336759
22,29,5.0,0.0
22,30,4.7,0.6749485577105528
23,1,4.6,0.5163977794943222
23,2,4.3,0.48304589153964794
23,3,4.8,0.4216370213557839
23,4,4.7,0.48304589153964794
23,5,4.6,0.5163977794943222
23,6,4.3,0.48304589153964794
23,7,4.6,0.5163977794943222
23,8,4.9,0.31622776601683794
23,9,4.4,0.5163977794943222
23,10,4.8,0.4216370213557839
23,11,4.7,0.48304589153964794
23,12,4.8,0.4216370213557839
23,13,4.9,0.31622776601683794
23,14,4.3,0.48304589153964794
23,15,4.6,0.5163977794943222
23,16,5.0,0.0
23,17,5.0,0.0
23,18,3.6,0.8432740427115678
23,19,5.0,0.0
23,20,4.6,0.8432740427115678
23,21,5.0,0.0
23,22,5.0,0.0
23,23,5.0,0.0
23,24,5.0,0.0
23,25,5.0,0.0
23,26,5.0,0.0
23,27,5.0,0.0
23,28,4.6,0.6992058987801011
23,29,5.0,0.0
23,30,4.8,0.6324555320336759
24,1,4.9,0.31622776601683794
24,2,4.8,0.4216370213557839
24,3,5.0,0.0
24,4,5.0,0.0
24,5,4.6,0.5163977794943222
24,6,4.4,0.5163977794943222
24,7,4.4,0.5163977794943222
24,8,4.6,0.5163977794943222
24,9,4.7,0.48304589153964794
24,10,5.0,0.0
24,11,4.5,0.5270462766947299
24,12,4.3,0.8232726023485646
24,13,5.0,0.0
24,14,4.3,0.6749485577105528
24,15,4.4,0.9660917830792959
24,16,4.8,0.4216370213557839
24,17,5.0,0.0
24,18,3.9,0.8755950357709131
24,19,4.9,0.31622776601683794
24,20,4.4,0.9660917830792959
24,21,5.0,0.0
24,22,5.0,0.0
24,23,5.0,0.0
24,24,5.0,0.0
24,25,4.7,0.48304589153964794
24,26,5.0,0.0
24,27,5.0,0.0
24,28,5.0,0.0
24,29,5.0,0.0
24,30,4.9,0.31622776601683794
25,1,4.7,0.48304589153964794
25,2,5.0,0.0
25,3,4.8,0.4216370213557839
25,4,4.4,0.5163977794943222
25,5,4.4,0.5163977794943222
25,6,4.8,0.6324555320336759
25,7,5.0,0.0
25,8,4.9,0.31622776601683794
25,9,5.0,0.0
25,10,4.8,0.4216370213557839
25,11,4.5,0.5270462766947299
25,12,5.0,0.0
25,13,4.7,0.48304589153964794
25,14,4.2,0.4216370213557839
25,15,4.6,0.5163977794943222
25,16,4.9,0.31622776601683794
25,17,4.9,0.31622776601683794
25,18,4.7,0.6749485577105528
25,19,5.0,0.0
25,20,5.0,0.0
25,21,5.0,0.0
25,22,5.0,0.0
25,23,5.0,0.0
25,24,4.8,0.4216370213557839
25,25,5.0,0.0
25,26,5.0,0.0
25,27,5.0,0.0
25,28,4.8,0.4216370213557839
25,29,5.0,0.0
25,30,5.0,0.0
26,1,5.0,0.0
26,2,4.9,0.31622776601683794
26,3,4.9,0.31622776601683794
26,4,5.0,0.0
26,5,5.0,0.0
26,6,4.9,0.31622776601683794
26,7,5.0,0.0
26,8,5.0,0.0
26,9,4.6,0.5163977794943222
26,10,5.0,0.0
26,11,5.0,0.0
26,12,4.9,0.31622776601683794
26,13,5.0,0.0
26,14,5.0,0.0
26,15,5.0,0.0
26,16,5.0,0.0
26,17,5.0,0.0
26,18,4.8,0.6324555320336759
26,19,4.8,0.6324555320336759
26,20,4.5,0.8498365855987975
26,21,5.0,0.0
26,22,5.0,0.0
26,23,5.0,0.0
26,24,5.0,0.0
26,25,4.8,0.4216370213557839
26,26,5.0,0.0
26,27,4.9,0.31622776601683794
26,28,4.9,0.31622776601683794
26,29,5.0,0.0
26,30,4.8,0.6324555320336759
27,1,5.0,0.0
27,2,4.6,0.5163977794943222
27,3,5.0,0.0
27,4,4.9,0.31622776601683794
27,5,4.8,0.4216370213557839
27,6,4.5,0.5270462766947299
27,7,4.9,0.31622776601683794
27,8,4.6,0.5163977794943222
27,9,4.9,0.31622776601683794
27,10,4.5,0.7071067811865476
27,11,3.8,0.4216370213557839
27,12,4.6,0.5163977794943222
27,13,4.9,0.31622776601683794
27,14,4.8,0.4216370213557839
27,15,4.6,0.699205898780101
27,16,5.0,0.0
27,17,5.0,0.0
27,18,4.3,0.9486832980505138
27,19,5.0,0.0
27,20,4.9,0.31622776601683794
27,21,5.0,0.0
27,22,5.0,0.0
27,23,5.0,0.0
27,24,4.7,0.48304589153964794
27,25,5.0,0.0
27,26,5.0,0.0
27,27,5.0,0.0
27,28,4.1,0.9944289260117533
27,29,5.0,0.0
27,30,4.6,0.8432740427115678
28,1,4.8,0.4216370213557839
28,2,4.5,0.5270462766947299
28,3,4.9,0.31622776601683794
28,4,5.0,0.0
28,5,5.0,0.0
28,6,4.1,0.31622776601683794
28,7,4.9,0.31622776601683794
28,8,4.7,0.48304589153964794
28,9,4.8,0.4216370213557839
28,10,5.0,0.0
28,11,5.0,0.0
28,12,4.9,0.31622776601683794
28,13,5.0,0.0
28,14,4.7,0.48304589153964794
28,15,5.0,0.0
28,16,5.0,0.0
28,17,5.0,0.0
28,18,5.0,0.0
28,19,5.0,0.0
28,20,5.0,0.0
28,21,5.0,0.0
28,22,5.0,0.0
28,23,5.0,0.0
28,24,4.8,0.6324555320336759
28,25,5.0,0.0
28,26,5.0,0.0
28,27,5.0,0.0
28,28,4.9,0.31622776601683794
28,29,5.0,0.0
28,30,5.0,0.0
29,1,5.0,0.0
29,2,5.0,0.0
29,3,5.0,0.0
29,4,5.0,0.0
29,5,5.0,0.0
29,6,5.0,0.0
29,7,4.9,0.31622776601683794
29,8,5.0,0.0
29,9,5.0,0.0
29,10,5.0,0.0
29,11,5.0,0.0
29,12,5.0,0.0
29,13,5.0,0.0
29,14,4.9,0.31622776601683794
29,15,5.0,0.0
29,16,5.0,0.0
29,17,5.0,0.0
29,18,3.8,1.0327955589886446
29,19,5.0,0.0
29,20,5.0,0.0
29,21,5.0,0.0
29,22,5.0,0.0
29,23,5.0,0.0
29,24,5.0,0.0
29,25,5.0,0.0
29,26,5.0,0.0
29,27,5.0,0.0
29,28,5.0,0.0
29,29,5.0,0.0
29,30,5.0,0.0
30,1,5.0,0.0
30,2,5.0,0.0
30,3,5.0,0.0
30,4,5.0,0.0
30,5,4.3,0.48304589153964794
30,6,4.7,0.48304589153964794
30,7,4.9,0.31622776601683794
30,8,4.9,0.31622776601683794
30,9,4.9,0.31622776601683794
30,10,5.0,0.0
30,11,4.1,0.31622776601683794
30,12,4.8,0.4216370213557839
30,13,5.0,0.0
30,14,4.5,0.5270462766947299
30,15,5.0,0.0
30,16,5.0,0.0
30,17,5.0,0.0
30,18,3.8,0.9189365834726815
30,19,5.0,0.0
30,20,4.8,0.6324555320336759
30,21,5.0,0.0
30,22,5.0,0.0
30,23,5.0,0.0
30,24,5.0,0.0
30,25,5.0,0.0
30,26,5.0,0.0
30,27,5.0,0.0
30,28,4.5,0.8498365855987975
30,29,5.0,0.0
30,30,4.3,0.9486832980505138
31,1,4.8,0.4216370213557839
31,2,4.6,0.5163977794943222
31,3,4.6,0.5163977794943222
31,4,5.0,0.0
31,5,4.6,0.5163977794943222
31,6,4.2,0.4216370213557839
31,7,4.6,0.5163977794943222
31,8,4.5,0.5270462766947299
31,9,4.4,0.5163977794943222
31,10,4.8,0.4216370213557839
31,11,4.7,0.48304589153964794
31,12,4.9,0.31622776601683794
31,13,4.9,0.31622776601683794
31,14,4.5,0.5270462766947299
31,15,4.9,0.31622776601683794
31,16,5.0,0.0
31,17,5.0,0.0
31,18,4.0,0.816496580927726
31,19,5.0,0.0
31,20,5.0,0.0
31,21,5.0,0.0
31,22,5.0,0.0
31,23,5.0,0.0
31,24,5.0,0.0
31,25,5.0,0.0
31,26,5.0,0.0
31,27,5.0,0.0
31,28,4.7,0.6749485577105528
31,29,5.0,0.0
31,30,5.0,0.0
32,1,4.8,0.4216370213557839
32,2,4.9,0.31622776601683794
32,3,4.9,0.31622776601683794
32,4,5.0,0.0
32,5,5.0,0.0
32,6,4.6,0.5163977794943222
32,7,4.8,0.4216370213557839
32,8,5.0,0.0
32,9,4.3,0.48304589153964794
32,10,5.0,0.0
32,11,4.9,0.31622776601683794
32,12,4.3,0.48304589153964794
32,13,4.9,0.31622776601683794
32,14,4.3,0.48304589153964794
32,15,5.0,0.0
32,16,5.0,0.0
32,17,5.0,0.0
32,18,5.0,0.0
32,19,5.0,0.0
32,20,5.0,0.0
32,21,5.0,0.0
32,22,5.0,0.0
32,23,5.0,0.0
32,24,5.0,0.0
32,25,5.0,0.0
32,26,5.0,0.0
32,27,5.0,0.0
32,28,4.7,0.6749485577105528
32,29,5.0,0.0
32,30,5.0,0.0
33,1,4.7,0.48304589153964794
33,2,4.4,0.5163977794943222
33,3,5.0,0.0
33,4,4.7,0.48304589153964794
33,5,4.5,0.5270462766947299
33,6,4.8,0.4216370213557839
33,7,4.7,0.48304589153964794
33,8,4.6,0.5163977794943222
33,9,4.1,0.31622776601683794
33,10,5.0,0.0
33,11,4.3,0.48304589153964794
33,12,4.8,0.6324555320336759
33,13,4.7,0.48304589153964794
33,14,4.4,0.5163977794943222
33,15,4.9,0.31622776601683794
33,16,4.7,0.48304589153964794
33,17,4.8,0.4216370213557839
33,18,3.9,0.5676462121975466
33,19,4.8,0.6324555320336759
33,20,4.8,0.6324555320336759
33,21,5.0,0.0
33,22,5.0,0.0
33,23,5.0,0.0
33,24,5.0,0.0
33,25,5.0,0.0
33,26,5.0,0.0
33,27,5.0,0.0
33,28,4.3,0.48304589153964794
33,29,4.6,0.5163977794943222
33,30,4.9,0.31622776601683794
34,1,5.0,0.0
34,2,4.5,0.8498365855987975
34,3,5.0,0.0
34,4,5.0,0.0
34,5,4.7,0.48304589153964794
34,6,5.0,0.0
34,7,4.8,0.4216370213557839
34,8,5.0,0.0
34,9,4.1,0.31622776601683794
34,10,5.0,0.0
34,11,4.7,0.6749485577105528
34,12,4.6,0.8432740427115678
34,13,5.0,0.0
34,14,4.5,0.7071067811865476
34,15,4.9,0.31622776601683794
34,16,5.0,0.0
34,17,5.0,0.0
34,18,4.5,0.8498365855987975
34,19,5.0,0.0
34,20,5.0,0.0
34,21,5.0,0.0
34,22,5.0,0.0
34,23,5.0,0.0
34,24,5.0,0.0
34,25,5.0,0.0
34,26,5.0,0.0
34,27,5.0,0.0
34,28,4.8,0.4216370213557839
34,29,5.0,0.0
34,30,4.8,0.6324555320336759
35,1,4.9,0.31622776601683794
35,2,4.7,0.48304589153964794
35,3,5.0,0.0
35,4,3.6,0.6992058987801011
35,5,4.5,0.7071067811865476
35,6,3.1,0.31622776601683794
35,7,4.6,0.5163977794943222
35,8,4.9,0.31622776601683794
35,9,4.2,0.4216370213557839
35,10,5.0,0.0
35,11,4.7,0.48304589153964794
35,12,4.1,0.9944289260117533
35,13,4.9,0.31622776601683794
35,14,4.1,0.31622776601683794
35,15,3.8,0.7888106377466155
35,16,3.8,0.9189365834726815
35,17,4.8,0.6324555320336759
35,18,3.0,0.0
35,19,3.6,0.9660917830792959
35,20,4.8,0.4216370213557839
35,21,5.0,0.0
35,22,4.6,0.8432740427115678
35,23,5.0,0.0
35,24,3.8,0.6324555320336759
35,25,3.9,0.7378647873726218
35,26,4.8,0.6324555320336759
35,27,4.9,0.31622776601683794
35,28,4.1,0.7378647873726218
35,29,4.3,0.6749485577105528
35,30,3.7,0.9486832980505138
36,1,5.0,0.0
36,2,4.8,0.4216370213557839
36,3,4.5,0.5270462766947299
36,4,4.6,0.5163977794943222
36,5,5.0,0.0
36,6,4.5,0.5270462766947299
36,7,4.3,0.8232726023485646
36,8,5.0,0.0
36,9,4.3,0.48304589153964794
36,10,4.9,0.31622776601683794
36,11,4.8,0.4216370213557839
36,12,4.5,0.8498365855987975
36,13,5.0,0.0
36,14,4.6,0.5163977794943222
36,15,4.9,0.31622776601683794
36,16,5.0,0.0
36,17,5.0,0.0
36,18,3.6,0.5163977794943223
36,19,5.0,0.0
36,20,4.0,1.0540925533894598
36,21,5.0,0.0
36,22,5.0,0.0
36,23,5.0,0.0
36,24,4.3,0.9486832980505138
36,25,4.8,0.4216370213557839
36,26,5.0,0.0
36,27,5.0,0.0
36,28,4.1,0.7378647873726218
36,29,5.0,0.0
36,30,3.9,0.8755950357709131
37,1,4.6,0.5163977794943222
37,2,4.8,0.4216370213557839
37,3,4.5,0.5270462766947299
37,4,4.7,0.48304589153964794
37,5,4.7,0.48304589153964794
37,6,4.9,0.31622776601683794
37,7,5.0,0.0
37,8,4.7,0.48304589153964794
37,9,4.6,0.5163977794943222
37,10,4.8,0.4216370213557839
37,11,4.6,0.5163977794943222
37,12,4.9,0.31622776601683794
37,13,4.8,0.4216370213557839
37,14,4.8,0.4216370213557839
37,15,4.9,0.31622776601683794
37,16,5.0,0.0
37,17,5.0,0.0
37,18,4.4,0.5163977794943222
37,19,5.0,0.0
37,20,5.0,0.0
37,21,5.0,0.0
37,22,5.0,0.0
37,23,5.0,0.0
37,24,4.8,0.4216370213557839
37,25,5.0,0.0
37,26,5.0,0.0
37,27,5.0,0.0
37,28,4.8,0.4216370213557839
37,29,5.0,0.0
37,30,4.8,0.6324555320336759
38,1,5.0,0.0
38,2,4.5,0.5270462766947299
38,3,4.4,0.5163977794943222
38,4,5.0,0.0
38,5,5.0,0.0
38,6,4.1,0.5676462121975466
38,7,4.2,0.4216370213557839
38,8,4.9,0.31622776601683794
38,9,4.3,0.48304589153964794
38,10,5.0,0.0
38,11,4.4,0.5163977794943222
38,12,3.9,0.8755950357709131
38,13,5.0,0.0
38,14,4.5,0.5270462766947299
38,15,5.0,0.0
38,16,5.0,0.0
38,17,5.0,0.0
38,18,4.4,0.6992058987801011
38,19,5.0,0.0
38,20,5.0,0.0
38,21,5.0,0.0
38,22,5.0,0.0
38,23,5.0,0.0
38,24,5.0,0.0
38,25,4.7,0.48304589153964794
38,26,4.9,0.31622776601683794
38,27,5.0,0.0
38,28,4.9,0.31622776601683794
38,29,5.0,0.0
38,30,5.0,0.0
39,1,5.0,0.0
39,2,4.4,0.5163977794943222
39,3,5.0,0.0
39,4,4.8,0.4216370213557839
39,5,4.7,0.48304589153964794
39,6,4.2,0.4216370213557839
39,7,4.5,0.5270462766947299
39,8,4.7,0.48304589153964794
39,9,4.4,0.5163977794943222
39,10,5.0,0.0
39,11,4.6,0.5163977794943222
39,12,4.9,0.31622776601683794
39,13,4.9,0.31622776601683794
39,14,4.8,0.4216370213557839
39,15,5.0,0.0
39,16,5.0,0.0
39,17,5.0,0.0
39,18,4.6,0.6992058987801011
39,19,5.0,0.0
39,20,5.0,0.0
39,21,5.0,0.0
39,22,4.4,0.9660917830792959
39,23,5.0,0.0
39,24,5.0,0.0
39,25,5.0,0.0
39,26,5.0,0.0
39,27,5.0,0.0
39,28,4.3,0.9486832980505138
39,29,5.0,0.0
39,30,5.0,0.0
40,1,5.0,0.0
40,2,4.0,0.0
40,3,4.8,0.4216370213557839
40,4,4.5,0.5270462766947299
40,5,4.6,0.5163977794943222
40,6,4.7,0.48304589153964794
40,7,4.0,0.0
40,8,4.7,0.48304589153964794
40,9,4.0,0.4714045207910317
40,10,5.0,0.0
40,11,4.1,0.9944289260117533
40,12,4.1,0.5676462121975466
40,13,4.8,0.4216370213557839
40,14,4.2,0.4216370213557839
40,15,4.6,0.699205898780101
40,16,4.9,0.31622776601683794
40,17,4.9,0.31622776601683794
40,18,4.3,0.6749485577105528
40,19,5.0,0.0
40,20,4.4,0.8432740427115678
40,21,4.9,0.31622776601683794
40,22,5.0,0.0
40,23,5.0,0.0
40,24,4.9,0.31622776601683794
40,25,5.0,0.0
40,26,4.6,0.8432740427115678
40,27,4.5,0.8498365855987975
40,28,3.1,0.31622776601683794
40,29,5.0,0.0
40,30,4.3,0.9486832980505138
41,1,4.9,0.31622776601683794
41,2,5.0,0.0
41,3,4.8,0.4216370213557839
41,4,5.0,0.0
41,5,5.0,0.0
41,6,4.4,0.6992058987801011
41,7,4.6,0.6992058987801011
41,8,4.9,0.31622776601683794
41,9,4.4,0.5163977794943222
41,10,4.7,0.48304589153964794
41,11,4.8,0.4216370213557839
41,12,4.7,0.6749485577105528
41,13,5.0,0.0
41,14,4.9,0.31622776601683794
41,15,4.9,0.31622776601683794
41,16,5.0,0.0
41,17,5.0,0.0
41,18,4.3,0.6749485577105528
41,19,5.0,0.0
41,20,5.0,0.0
41,21,5.0,0.0
41,22,5.0,0.0
41,23,5.0,0.0
41,24,5.0,0.0
41,25,5.0,0.0
41,26,5.0,0.0
41,27,5.0,0.0
41,28,4.6,0.5163977794943222
41,29,5.0,0.0
41,30,5.0,0.0
42,1,4.7,0.6749485577105528
42,2,4.4,0.8432740427115678
42,3,3.4,2.3664319132398464
42,4,4.3,0.9486832980505138
42,5,5.0,0.0
42,6,5.0,0.0
42,7,4.5,0.7071067811865476
42,8,5.0,0.0
42,9,3.9,0.31622776601683794
42,10,5.0,0.0
42,11,4.8,0.6324555320336759
42,12,4.1,0.9944289260117533
42,13,5.0,0.0
42,14,4.1,0.31622776601683794
42,15,5.0,0.0
42,16,4.8,0.4216370213557839
42,17,5.0,0.0
42,18,3.9,0.5676462121975467
42,19,4.0,0.6666666666666666
42,20,4.2,1.6193277068654826
42,21,5.0,0.0
42,22,5.0,0.0
42,23,5.0,0.0
42,24,4.7,0.48304589153964794
42,25,4.5,0.7071067811865476
42,26,4.8,0.6324555320336759
42,27,5.0,0.0
42,28,4.9,0.31622776601683794
42,29,5.0,0.0
42,30,5.0,0.0
43,1,5.0,0.0
43,2,4.8,0.4216370213557839
43,3,4.9,0.31622776601683794
43,4,4.9,0.31622776601683794
43,5,4.9,0.31622776601683794
43,6,4.4,0.5163977794943222
43,7,4.7,0.48304589153964794
43,8,5.0,0.0
43,9,4.5,0.7071067811865476
43,10,4.9,0.31622776601683794
43,11,4.6,0.5163977794943222
43,12,4.9,0.31622776601683794
43,13,5.0,0.0
43,14,4.6,0.5163977794943222
43,15,5.0,0.0
43,16,4.7,0.48304589153964794
43,17,5.0,0.0
43,18,3.7,0.9486832980505138
43,19,4.8,0.6324555320336759
43,20,3.1,0.31622776601683794
43,21,5.0,0.0
43,22,4.6,0.5163977794943222
43,23,5.0,0.0
43,24,5.0,0.0
43,25,4.7,0.6749485577105528
43,26,4.0,1.0540925533894598
43,27,5.0,0.0
43,28,4.0,1.0540925533894598
43,29,5.0,0.0
43,30,3.8,1.0327955589886446
44,1,4.9,0.31622776601683794
44,2,4.9,0.31622776601683794
44,3,4.7,0.48304589153964794
44,4,5.0,0.0
44,5,5.0,0.0
44,6,4.8,0.4216370213557839
44,7,5.0,0.0
44,8,5.0,0.0
44,9,4.9,0.31622776601683794
44,10,5.0,0.0
44,11,4.9,0.31622776601683794
44,12,4.8,0.4216370213557839
44,13,4.9,0.31622776601683794
44,14,4.8,0.4216370213557839
44,15,5.0,0.0
44,16,5.0,0.0
44,17,5.0,0.0
44,18,4.9,0.31622776601683794
44,19,5.0,0.0
44,20,5.0,0.0
44,21,5.0,0.0
44,22,5.0,0.0
44,23,5.0,0.0
44,24,4.5,1.5811388300841898
44,25,5.0,0.0
44,26,5.0,0.0
44,27,5.0,0.0
44,28,4.4,0.5163977794943222
44,29,5.0,0.0
44,30,5.0,0.0
45,1,4.7,0.6749485577105528
45,2,4.5,0.8498365855987975
45,3,4.5,0.5270462766947299
45,4,4.5,0.5270462766947299
45,5,4.3,0.48304589153964794
45,6,4.7,0.48304589153964794
45,7,4.6,0.5163977794943222
45,8,5.0,0.0
45,9,4.2,0.6324555320336759
45,10,5.0,0.0
45,11,4.8,0.4216370213557839
45,12,3.1,0.31622776601683794
45,13,4.8,0.4216370213557839
45,14,4.7,0.48304589153964794
45,15,4.2,0.4216370213557839
45,16,5.0,0.0
45,17,4.6,0.8432740427115678
45,18,5.0,0.0
45,19,5.0,0.0
45,20,5.0,0.0
45,21,5.0,0.0
45,22,5.0,0.0
45,23,5.0,0.0
45,24,4.9,0.31622776601683794
45,25,4.9,0.31622776601683794
45,26,5.0,0.0
45,27,4.8,0.4216370213557839
45,28,4.4,0.6992058987801011
45,29,5.0,0.0
45,30,5.0,0.0
46,1,4.6,0.5163977794943222
46,2,4.3,0.48304589153964794
46,3,5.0,0.0
46,4,4.6,0.699205898780101
46,5,4.9,0.31622776601683794
46,6,4.5,0.5270462766947299
46,7,4.4,0.5163977794943222
46,8,5.0,0.0
46,9,4.3,0.674948557710553
46,10,4.8,0.4216370213557839
46,11,4.6,0.5163977794943222
46,12,4.3,0.8232726023485646
46,13,5.0,0.0
46,14,4.2,0.4216370213557839
46,15,4.7,0.6749485577105528
46,16,4.4,0.9660917830792959
46,17,5.0,0.0
46,18,4.1,0.8755950357709131
46,19,4.8,0.6324555320336759
46,20,3.9,0.9944289260117533
46,21,5.0,0.0
46,22,5.0,0.0
46,23,5.0,0.0
46,24,5.0,0.0
46,25,4.3,0.9486832980505138
46,26,5.0,0.0
46,27,4.9,0.31622776601683794
46,28,3.3,0.6749485577105528
46,29,4.9,0.31622776601683794
46,30,4.7,0.6749485577105528
47,1,4.9,0.31622776601683794
47,2,4.9,0.31622776601683794
47,3,4.9,0.31622776601683794
47,4,4.2,0.6324555320336759
47,5,4.4,0.5163977794943222
47,6,4.9,0.31622776601683794
47,7,5.0,0.0
47,8,5.0,0.0
47,9,4.6,0.5163977794943222
47,10,4.7,0.48304589153964794
47,11,4.9,0.31622776601683794
47,12,5.0,0.0
47,13,5.0,0.0
47,14,4.5,0.5270462766947299
47,15,4.3,0.6749485577105528
47,16,5.0,0.0
47,17,4.9,0.31622776601683794
47,18,4.1,0.9944289260117533
47,19,5.0,0.0
47,20,5.0,0.0
47,21,5.0,0.0
47,22,5.0,0.0
47,23,5.0,0.0
47,24,4.8,0.4216370213557839
47,25,4.8,0.4216370213557839
47,26,5.0,0.0
47,27,4.8,0.4216370213557839
47,28,4.7,0.48304589153964794
47,29,4.9,0.31622776601683794
47,30,4.7,0.6749485577105528
48,1,4.9,0.31622776601683794
48,2,4.0,0.0
48,3,4.8,0.4216370213557839
48,4,4.7,0.48304589153964794
48,5,5.0,0.0
48,6,4.2,0.4216370213557839
48,7,3.9,0.31622776601683794
48,8,4.9,0.31622776601683794
48,9,4.3,0.48304589153964794
48,10,5.0,0.0
48,11,4.6,0.5163977794943222
48,12,4.2,0.6324555320336759
48,13,5.0,0.0
48,14,4.1,0.31622776601683794
48,15,5.0,0.0
48,16,4.7,0.48304589153964794
48,17,5.0,0.0
48,18,3.5,0.7071067811865476
48,19,5.0,0.0
48,20,4.3,0.9486832980505138
48,21,5.0,0.0
48,22,5.0,0.0
48,23,5.0,0.0
48,24,4.8,0.4216370213557839
48,25,4.9,0.31622776601683794
48,26,5.0,0.0
48,27,4.5,0.5270462766947299
48,28,4.2,0.7888106377466155
48,29,5.0,0.0
48,30,4.1,0.9944289260117533
49,1,4.5,0.5270462766947299
49,2,4.3,0.48304589153964794
49,3,4.8,0.4216370213557839
49,4,5.0,0.0
49,5,4.8,0.4216370213557839
49,6,4.8,0.4216370213557839
49,7,4.7,0.48304589153964794
49,8,5.0,0.0
49,9,4.4,0.5163977794943222
49,10,4.9,0.31622776601683794
49,11,4.9,0.31622776601683794
49,12,4.6,0.699205898780101
49,13,5.0,0.0
49,14,4.1,0.5676462121975466
49,15,5.0,0.0
49,16,5.0,0.0
49,17,5.0,0.0
49,18,4.0,0.9428090415820634
49,19,4.8,0.6324555320336759
49,20,4.8,0.6324555320336759
49,21,5.0,0.0
49,22,5.0,0.0
49,23,5.0,0.0
49,24,4.3,0.6749485577105528
49,25,4.9,0.31622776601683794
49,26,5.0,0.0
49,27,5.0,0.0
49,28,3.2,0.4216370213557839
49,29,4.8,0.4216370213557839
49,30,4.5,0.8498365855987975
50,1,4.7,0.48304589153964794
50,2,4.6,0.699205898780101
50,3,4.1,0.5676462121975466
50,4,4.2,0.4216370213557839
50,5,4.4,0.6992058987801011
50,6,4.2,0.6324555320336759
50,7,4.7,0.48304589153964794
50,8,4.6,0.5163977794943222
50,9,4.0,0.0
50,10,4.7,0.48304589153964794
50,11,4.8,0.4216370213557839
50,12,4.7,0.48304589153964794
50,13,4.7,0.48304589153964794
50,14,4.0,0.0
50,15,4.2,0.6324555320336759
50,16,4.5,0.7071067811865476
50,17,5.0,0.0
50,18,4.1,0.8755950357709131
50,19,5.0,0.0
50,20,5.0,0.0
50,21,5.0,0.0
50,22,5.0,0.0
50,23,5.0,0.0
50,24,4.1,0.31622776601683794
50,25,4.6,0.5163977794943222
50,26,4.8,0.6324555320336759
50,27,4.6,0.5163977794943222
50,28,4.1,0.5676462121975466
50,29,5.0,0.0
50,30,5.0,0.0
51,1,4.9,0.31622776601683794
51,2,5.0,0.0
51,3,4.3,0.48304589153964794
51,4,4.5,0.5270462766947299
51,5,4.8,0.4216370213557839
51,6,4.9,0.31622776601683794
51,7,4.6,0.5163977794943222
51,8,5.0,0.0
51,9,4.6,0.5163977794943222
51,10,5.0,0.0
51,11,4.8,0.4216370213557839
51,12,5.0,0.0
51,13,4.9,0.31622776601683794
51,14,4.2,0.4216370213557839
51,15,4.0,1.0540925533894598
51,16,5.0,0.0
51,17,5.0,0.0
51,18,4.9,0.31622776601683794
51,19,5.0,0.0
51,20,5.0,0.0
51,21,5.0,0.0
51,22,5.0,0.0
51,23,5.0,0.0
51,24,4.8,0.4216370213557839
51,25,4.5,0.8498365855987975
51,26,5.0,0.0
51,27,5.0,0.0
51,28,4.9,0.31622776601683794
51,29,5.0,0.0
51,30,5.0,0.0
52,1,5.0,0.0
52,2,4.4,0.5163977794943222
52,3,4.7,0.48304589153964794
52,4,4.9,0.31622776601683794
52,5,4.7,0.48304589153964794
52,6,4.0,0.4714045207910317
52,7,4.9,0.31622776601683794
52,8,5.0,0.0
52,9,4.5,0.5270462766947299
52,10,4.5,0.5270462766947299
52,11,4.9,0.31622776601683794
52,12,4.3,0.6749485577105528
52,13,5.0,0.0
52,14,4.3,0.48304589153964794
52,15,5.0,0.0
52,16,5.0,0.0
52,17,5.0,0.0
52,18,3.4,0.6992058987801011
52,19,5.0,0.0
52,20,4.8,0.6324555320336759
52,21,5.0,0.0
52,22,5.0,0.0
52,23,5.0,0.0
52,24,5.0,0.0
52,25,5.0,0.0
52,26,5.0,0.0
52,27,5.0,0.0
52,28,4.8,0.4216370213557839
52,29,5.0,0.0
52,30,4.4,0.9660917830792959
53,1,5.0,0.0
53,2,4.7,0.48304589153964794
53,3,4.8,0.4216370213557839
53,4,5.0,0.0
53,5,5.0,0.0
53,6,4.9,0.31622776601683794
53,7,4.5,0.5270462766947299
53,8,5.0,0.0
53,9,4.8,0.4216370213557839
53,10,5.0,0.0
53,11,4.6,0.5163977794943222
53,12,5.0,0.0
53,13,5.0,0.0
53,14,5.0,0.0
53,15,5.0,0.0
53,16,5.0,0.0
53,17,5.0,0.0
53,18,4.1,0.8755950357709131
53,19,5.0,0.0
53,20,5.0,0.0
53,21,5.0,0.0
53,22,5.0,0.0
53,23,5.0,0.0
53,24,5.0,0.0
53,25,5.0,0.0
53,26,5.0,0.0
53,27,5.0,0.0
53,28,4.9,0.31622776601683794
53,29,5.0,0.0
53,30,5.0,0.0
54,1,5.0,0.0
54,2,4.5,0.5270462766947299
54,3,5.0,0.0
54,4,4.8,0.6324555320336759
54,5,4.9,0.31622776601683794
54,6,4.9,0.31622776601683794
54,7,4.5,0.7071067811865476
54,8,5.0,0.0
54,9,4.8,0.4216370213557839
54,10,5.0,0.0
54,11,4.8,0.4216370213557839
54,12,4.4,0.9660917830792959
54,13,5.0,0.0
54,14,3.8,0.6324555320336759
54,15,4.5,0.5270462766947299
54,16,4.5,0.8498365855987975
54,17,5.0,0.0
54,18,3.3,0.6749485577105528
54,19,5.0,0.0
54,20,5.0,0.0
54,21,5.0,0.0
54,22,5.0,0.0
54,23,5.0,0.0
54,24,5.0,0.0
54,25,4.7,0.6749485577105528
54,26,5.0,0.0
54,27,4.8,0.6324555320336759
54,28,3.4,0.6992058987801011
54,29,5.0,0.0
54,30,4.8,0.6324555320336759
55,1,4.9,0.31622776601683794
55,2,4.1,0.31622776601683794
55,3,5.0,0.0
55,4,4.9,0.31622776601683794
55,5,4.7,0.48304589153964794
55,6,5.0,0.0
55,7,4.7,0.48304589153964794
55,8,4.6,0.5163977794943222
55,9,4.2,0.6324555320336759
55,10,5.0,0.0
55,11,4.4,0.5163977794943222
55,12,4.5,0.8498365855987975
55,13,4.8,0.4216370213557839
55,14,4.5,0.5270462766947299
55,15,4.6,0.699205898780101
55,16,4.7,0.48304589153964794
55,17,5.0,0.0
55,18,4.0,0.6666666666666666
55,19,5.0,0.0
55,20,3.9,0.9944289260117533
55,21,5.0,0.0
55,22,4.9,0.31622776601683794
55,23,5.0,0.0
55,24,4.4,0.6992058987801011
55,25,4.6,0.5163977794943222
55,26,5.0,0.0
55,27,4.5,0.8498365855987975
55,28,4.4,0.6992058987801011
55,29,4.6,0.699205898780101
55,30,4.3,0.9486832980505138
56,1,4.6,0.5163977794943222
56,2,4.1,0.31622776601683794
56,3,4.9,0.31622776601683794
56,4,5.0,0.0
56,5,5.0,0.0
56,6,4.4,0.5163977794943222
56,7,4.3,0.48304589153964794
56,8,5.0,0.0
56,9,4.9,0.31622776601683794
56,10,5.0,0.0
56,11,4.7,0.6749485577105528
56,12,4.0,0.9428090415820634
56,13,4.9,0.31622776601683794
56,14,4.1,0.8755950357709131
56,15,3.8,0.7888106377466155
56,16,5.0,0.0
56,17,5.0,0.0
56,18,3.8,1.0327955589886446
56,19,4.4,0.9660917830792959
56,20,5.0,0.0
56,21,5.0,0.0
56,22,4.8,0.6324555320336759
56,23,5.0,0.0
56,24,4.3,0.8232726023485646
56,25,5.0,0.0
56,26,5.0,0.0
56,27,5.0,0.0
56,28,4.7,0.6749485577105528
56,29,5.0,0.0
56,30,5.0,0.0
57,1,4.3,0.48304589153964794
57,2,4.8,0.4216370213557839
57,3,4.0,0.0
57,4,5.0,0.0
57,5,4.8,0.4216370213557839
57,6,5.0,0.0
57,7,4.9,0.31622776601683794
57,8,5.0,0.0
57,9,4.0,0.4714045207910317
57,10,4.9,0.31622776601683794
57,11,4.8,0.4216370213557839
57,12,5.0,0.0
57,13,4.9,0.31622776601683794
57,14,4.2,0.6324555320336759
57,15,4.9,0.31622776601683794
57,16,4.4,0.6992058987801011
57,17,5.0,0.0
57,18,3.3,0.6749485577105528
57,19,5.0,0.0
57,20,4.6,0.8432740427115678
57,21,5.0,0.0
57,22,4.8,0.4216370213557839
57,23,5.0,0.0
57,24,4.2,0.9189365834726815
57,25,3.7,0.8232726023485646
57,26,5.0,0.0
57,27,4.4,0.9660917830792959
57,28,4.0,0.6666666666666666
57,29,4.9,0.31622776601683794
57,30,3.0,0.0
58,1,4.8,0.4216370213557839
58,2,4.1,0.5676462121975466
58,3,5.0,0.0
58,4,4.7,0.48304589153964794
58,5,4.7,0.48304589153964794
58,6,4.9,0.31622776601683794
58,7,3.9,0.31622776601683794
58,8,5.0,0.0
58,9,4.7,0.48304589153964794
58,10,4.7,0.48304589153964794
58,11,4.5,0.5270462766947299
58,12,4.4,0.9660917830792959
58,13,5.0,0.0
58,14,4.0,0.0
58,15,5.0,0.0
58,16,5.0,0.0
58,17,5.0,0.0
58,18,4.8,0.4216370213557839
58,19,5.0,0.0
58,20,5.0,0.0
58,21,5.0,0.0
58,22,5.0,0.0
58,23,5.0,0.0
58,24,4.9,0.31622776601683794
58,25,4.8,0.4216370213557839
58,26,5.0,0.0
58,27,5.0,0.0
58,28,4.6,0.8432740427115678
58,29,4.9,0.31622776601683794
58,30,5.0,0.0
59,1,4.8,0.4216370213557839
59,2,4.4,0.5163977794943222
59,3,4.8,0.4216370213557839
59,4,4.7,0.48304589153964794
59,5,4.8,0.4216370213557839
59,6,4.0,0.4714045207910317
59,7,4.4,0.5163977794943222
59,8,5.0,0.0
59,9,3.6,0.6992058987801011
59,10,4.9,0.31622776601683794
59,11,4.3,0.48304589153964794
59,12,4.7,0.48304589153964794
59,13,4.5,0.5270462766947299
59,14,4.0,0.0
59,15,4.2,0.7888106377466155
59,16,5.0,0.0
59,17,5.0,0.0
59,18,4.7,0.48304589153964794
59,19,5.0,0.0
59,20,4.6,0.8432740427115678
59,21,5.0,0.0
59,22,5.0,0.0
59,23,4.9,0.31622776601683794
59,24,4.8,0.4216370213557839
59,25,4.9,0.31622776601683794
59,26,5.0,0.0
59,27,4.6,0.5163977794943222
59,28,3.6,0.8432740427115678
59,29,5.0,0.0
59,30,4.3,0.9486832980505138
60,1,4.8,0.4216370213557839
60,2,4.7,0.48304589153964794
60,3,4.8,0.4216370213557839
60,4,4.6,0.5163977794943222
60,5,4.8,0.4216370213557839
60,6,5.0,0.0
60,7,4.4,0.5163977794943222
60,8,4.7,0.48304589153964794
60,9,4.6,0.5163977794943222
60,10,5.0,0.0
60,11,5.0,0.0
60,12,5.0,0.0
60,13,5.0,0.0
60,14,4.2,0.4216370213557839
60,15,4.7,0.48304589153964794
60,16,5.0,0.0
60,17,5.0,0.0
60,18,5.0,0.0
60,19,5.0,0.0
60,20,5.0,0.0
60,21,5.0,0.0
60,22,5.0,0.0
60,23,5.0,0.0
60,24,4.9,0.31622776601683794
60,25,4.7,0.48304589153964794
60,26,5.0,0.0
60,27,5.0,0.0
60,28,4.8,0.4216370213557839
60,29,5.0,0.0
60,30,4.9,0.31622776601683794
61,1,4.9,0.31622776601683794
61,2,5.0,0.0
61,3,4.9,0.31622776601683794
61,4,4.9,0.31622776601683794
61,5,5.0,0.0
61,6,5.0,0.0
61,7,4.7,0.48304589153964794
61,8,5.0,0.0
61,9,4.8,0.4216370213557839
61,10,5.0,0.0
61,11,5.0,0.0
61,12,3.8,1.0327955589886446
61,13,5.0,0.0
61,14,4.2,0.4216370213557839
61,15,5.0,0.0
61,16,5.0,0.0
61,17,5.0,0.0
61,18,3.9,0.9944289260117533
61,19,5.0,0.0
61,20,4.8,0.6324555320336759
61,21,5.0,0.0
61,22,5.0,0.0
61,23,5.0,0.0
61,24,5.0,0.0
61,25,4.8,0.6324555320336759
61,26,5.0,0.0
61,27,5.0,0.0
61,28,4.5,0.7071067811865476
61,29,5.0,0.0
61,30,5.0,0.0
62,1,4.6,0.6992058987801011
62,2,4.1,0.31622776601683794
62,3,5.0,0.0
62,4,4.8,0.4216370213557839
62,5,4.9,0.31622776601683794
62,6,4.4,0.5163977794943222
62,7,4.2,0.4216370213557839
62,8,4.9,0.31622776601683794
62,9,4.5,0.5270462766947299
62,10,4.6,0.699205898780101
62,11,4.6,0.5163977794943222
62,12,3.9,0.7378647873726218
62,13,4.6,0.5163977794943222
62,14,4.0,0.4714045207910317
62,15,4.3,0.6749485577105528
62,16,4.5,0.7071067811865476
62,17,5.0,0.0
62,18,3.6,0.8432740427115678
62,19,4.6,0.8432740427115678
62,20,4.8,0.6324555320336759
62,21,5.0,0.0
62,22,5.0,0.0
62,23,5.0,0.0
62,24,4.8,0.6324555320336759
62,25,4.8,0.6324555320336759
62,26,5.0,0.0
62,27,4.8,0.6324555320336759
62,28,4.1,0.5676462121975466
62,29,5.0,0.0
62,30,4.6,0.8432740427115678
63,1,4.4,0.5163977794943222
63,2,4.6,0.5163977794943222
63,3,4.8,0.4216370213557839
63,4,5.0,0.0
63,5,4.9,0.31622776601683794
63,6,4.1,0.31622776601683794
63,7,4.9,0.31622776601683794
63,8,5.0,0.0
63,9,4.3,0.48304589153964794
63,10,4.8,0.4216370213557839
63,11,4.0,0.0
63,12,4.8,0.4216370213557839
63,13,4.9,0.31622776601683794
63,14,4.3,0.48304589153964794
63,15,4.5,0.5270462766947299
63,16,5.0,0.0
63,17,5.0,0.0
63,18,3.1,0.31622776601683794
63,19,5.0,0.0
63,20,4.4,0.9660917830792959
63,21,5.0,0.0
63,22,5.0,0.0
63,23,5.0,0.0
63,24,4.9,0.31622776601683794
63,25,5.0,0.0
63,26,5.0,0.0
63,27,5.0,0.0
63,28,3.4,0.8432740427115679
63,29,5.0,0.0
63,30,4.8,0.6324555320336759
64,1,4.5,0.5270462766947299
64,2,4.0,0.0
64,3,5.0,0.0
64,4,4.9,0.31622776601683794
64,5,5.0,0.0
64,6,4.3,0.48304589153964794
64,7,4.3,0.48304589153964794
64,8,4.8,0.4216370213557839
64,9,4.6,0.699205898780101
64,10,4.9,0.31622776601683794
64,11,4.5,0.5270462766947299
64,12,4.4,0.8432740427115678
64,13,5.0,0.0
64,14,4.2,0.4216370213557839
64,15,4.9,0.31622776601683794
64,16,4.3,0.48304589153964794
64,17,5.0,0.0
64,18,3.9,0.5676462121975467
64,19,4.9,0.31622776601683794
64,20,4.0,0.9428090415820634
64,21,5.0,0.0
64,22,5.0,0.0
64,23,5.0,0.0
64,24,5.0,0.0
64,25,5.0,0.0
64,26,5.0,0.0
64,27,5.0,0.0
64,28,3.9,0.5676462121975467
64,29,4.9,0.31622776601683794
64,30,4.5,0.8498365855987975
65,1,4.8,0.4216370213557839
65,2,4.9,0.31622776601683794
65,3,4.9,0.31622776601683794
65,4,5.0,0.0
65,5,4.2,0.7888106377466155
65,6,4.9,0.31622776601683794
65,7,4.8,0.4216370213557839
65,8,4.9,0.31622776601683794
65,9,4.4,0.5163977794943222
65,10,5.0,0.0
65,11,5.0,0.0
65,12,4.8,0.4216370213557839
65,13,4.9,0.31622776601683794
65,14,4.6,0.699205898780101
65,15,5.0,0.0
65,16,5.0,0.0
65,17,5.0,0.0
65,18,4.8,0.6324555320336759
65,19,5.0,0.0
65,20,5.0,0.0
65,21,5.0,0.0
65,22,5.0,0.0
65,23,5.0,0.0
65,24,5.0,0.0
65,25,5.0,0.0
65,26,5.0,0.0
65,27,5.0,0.0
65,28,4.3,0.8232726023485646
65,29,5.0,0.0
65,30,5.0,0.0
66,1,4.7,0.48304589153964794
66,2,4.8,0.4216370213557839
66,3,5.0,0.0
66,4,5.0,0.0
66,5,5.0,0.0
66,6,4.2,0.4216370213557839
66,7,4.7,0.48304589153964794
66,8,5.0,0.0
66,9,4.7,0.48304589153964794
66,10,5.0,0.0
66,11,4.6,0.5163977794943222
66,12,5.0,0.0
66,13,5.0,0.0
66,14,4.1,0.31622776601683794
66,15,5.0,0.0
66,16,5.0,0.0
66,17,5.0,0.0
66,18,3.6,0.5163977794943223
66,19,5.0,0.0
66,20,4.8,0.6324555320336759
66,21,5.0,0.0
66,22,5.0,0.0
66,23,5.0,0.0
66,24,5.0,0.0
66,25,4.9,0.31622776601683794
66,26,5.0,0.0
66,27,5.0,0.0
66,28,3.7,0.6749485577105528
66,29,5.0,0.0
66,30,3.8,1.0327955589886446
67,1,5.0,0.0
67,2,4.7,0.48304589153964794
67,3,5.0,0.0
67,4,4.8,0.4216370213557839
67,5,4.9,0.31622776601683794
67,6,4.5,0.5270462766947299
67,7,4.4,0.5163977794943222
67,8,5.0,0.0
67,9,4.0,0.0
67,10,5.0,0.0
67,11,4.9,0.31622776601683794
67,12,4.9,0.31622776601683794
67,13,5.0,0.0
67,14,4.5,0.5270462766947299
67,15,5.0,0.0
67,16,4.4,0.5163977794943222
67,17,4.9,0.31622776601683794
67,18,3.6,0.5163977794943223
67,19,4.3,0.9486832980505138
67,20,4.8,0.6324555320336759
67,21,5.0,0.0
67,22,5.0,0.0
67,23,5.0,0.0
67,24,2.3,2.4517567397911053
67,25,5.0,0.0
67,26,5.0,0.0
67,27,5.0,0.0
67,28,4.3,0.9486832980505138
67,29,5.0,0.0
67,30,3.8,0.9189365834726815
68,1,4.9,0.31622776601683794
68,2,4.6,0.5163977794943222
68,3,4.5,0.7071067811865476
68,4,4.3,0.9486832980505138
68,5,4.7,0.48304589153964794
68,6,4.3,0.48304589153964794
68,7,4.4,0.5163977794943222
68,8,4.5,0.5270462766947299
68,9,4.1,0.31622776601683794
68,10,5.0,0.0
68,11,4.0,0.0
68,12,4.0,0.4714045207910317
68,13,4.7,0.48304589153964794
68,14,4.3,0.48304589153964794
68,15,4.3,0.8232726023485646
68,16,4.9,0.31622776601683794
68,17,5.0,0.0
68,18,3.5,0.7071067811865476
68,19,5.0,0.0
68,20,4.7,0.6749485577105528
68,21,5.0,0.0
68,22,4.9,0.31622776601683794
68,23,5.0,0.0
68,24,4.8,0.6324555320336759
68,25,4.8,0.4216370213557839
68,26,5.0,0.0
68,27,4.9,0.31622776601683794
68,28,3.7,0.8232726023485646
68,29,5.0,0.0
68,30,4.0,1.0540925533894598
69,1,4.9,0.31622776601683794
69,2,4.2,0.4216370213557839
69,3,4.9,0.31622776601683794
69,4,5.0,0.0
69,5,5.0,0.0
69,6,4.2,0.4216370213557839
69,7,4.3,0.48304589153964794
69,8,5.0,0.0
69,9,4.3,0.48304589153964794
69,10,4.9,0.31622776601683794
69,11,5.0,0.0
69,12,4.0,0.0
69,13,5.0,0.0
69,14,4.7,0.48304589153964794
69,15,5.0,0.0
69,16,5.0,0.0
69,17,5.0,0.0
69,18,4.9,0.31622776601683794
69,19,5.0,0.0
69,20,5.0,0.0
69,21,5.0,0.0
69,22,5.0,0.0
69,23,5.0,0.0
69,24,5.0,0.0
69,25,5.0,0.0
69,26,5.0,0.0
69,27,5.0,0.0
69,28,4.4,0.5163977794943222
69,29,5.0,0.0
69,30,5.0,0.0
70,1,4.8,0.4216370213557839
70,2,4.0,0.4714045207910317
70,3,3.6,0.5163977794943223
70,4,3.5,0.8498365855987975
70,5,4.0,0.6666666666666666
70,6,4.4,0.5163977794943222
70,7,4.0,0.0
70,8,4.0,0.4714045207910317
70,9,4.0,0.6666666666666666
70,10,4.3,0.8232726023485646
70,11,3.9,0.31622776601683794
70,12,4.4,0.8432740427115678
70,13,4.2,0.4216370213557839
70,14,4.1,0.31622776601683794
70,15,3.6,0.6992058987801011
70,16,5.0,0.0
70,17,5.0,0.0
70,18,3.0,0.0
70,19,3.9,0.9944289260117533
70,20,4.3,0.9486832980505138
70,21,5.0,0.0
70,22,5.0,0.0
70,23,5.0,0.0
70,24,5.0,0.0
70,25,4.4,0.8432740427115678
70,26,5.0,0.0
70,27,5.0,0.0
70,28,3.8,1.0327955589886446
70,29,5.0,0.0
70,30,4.8,0.6324555320336759
71,1,4.9,0.31622776601683794
71,2,4.7,0.48304589153964794
71,3,5.0,0.0
71,4,4.9,0.31622776601683794
71,5,4.7,0.48304589153964794
71,6,4.8,0.4216370213557839
71,7,4.6,0.5163977794943222
71,8,5.0,0.0
71,9,4.6,0.5163977794943222
71,10,5.0,0.0
71,11,4.2,0.4216370213557839
71,12,4.8,0.4216370213557839
71,13,4.9,0.31622776601683794
71,14,4.1,0.31622776601683794
71,15,5.0,0.0
71,16,4.9,0.31622776601683794
71,17,5.0,0.0
71,18,5.0,0.0
71,19,5.0,0.0
71,20,5.0,0.0
71,21,5.0,0.0
71,22,5.0,0.0
71,23,5.0,0.0
71,24,5.0,0.0
71,25,5.0,0.0
71,26,5.0,0.0
71,27,4.9,0.31622776601683794
71,28,5.0,0.0
71,29,5.0,0.0
71,30,5.0,0.0
72,1,4.0,0.0
72,2,4.0,0.0
72,3,4.0,0.4714045207910317
72,4,4.2,0.9189365834726815
72,5,4.2,0.4216370213557839
72,6,4.1,0.31622776601683794
72,7,4.2,0.4216370213557839
72,8,4.1,0.31622776601683794
72,9,3.9,0.31622776601683794
72,10,4.2,0.4216370213557839
72,11,4.2,0.4216370213557839
72,12,3.6,0.5163977794943223
72,13,4.4,0.5163977794943222
72,14,4.2,0.4216370213557839
72,15,4.1,0.31622776601683794
72,16,4.5,0.7071067811865476
72,17,4.9,0.31622776601683794
72,18,3.5,0.8498365855987975
72,19,4.8,0.6324555320336759
72,20,4.6,0.699205898780101
72,21,5.0,0.0
72,22,5.0,0.0
72,23,5.0,0.0
72,24,4.2,0.6324555320336759
72,25,4.3,0.9486832980505138
72,26,5.0,0.0
72,27,3.8,0.7888106377466155
72,28,3.6,0.9660917830792959
72,29,5.0,0.0
72,30,4.6,0.8432740427115678
73,1,4.0,0.0
73,2,4.9,0.31622776601683794
73,3,4.3,0.9486832980505138
73,4,4.3,0.6749485577105528
73,5,4.4,0.6992058987801011
73,6,4.1,0.31622776601683794
73,7,4.9,0.31622776601683794
73,8,5.0,0.0
73,9,4.0,0.4714045207910317
73,10,4.4,0.8432740427115678
73,11,4.4,0.5163977794943222
73,12,4.9,0.31622776601683794
73,13,4.6,0.5163977794943222
73,14,4.1,0.5676462121975466
73,15,5.0,0.0
73,16,4.7,0.6749485577105528
73,17,4.4,0.9660917830792959
73,18,3.0,0.0
73,19,4.3,0.9486832980505138
73,20,5.0,0.0
73,21,5.0,0.0
73,22,4.8,0.6324555320336759
73,23,5.0,0.0
73,24,4.1,1.5951314818673867
73,25,4.6,0.699205898780101
73,26,5.0,0.0
73,27,5.0,0.0
73,28,3.9,0.8755950357709131
73,29,5.0,0.0
73,30,4.6,0.8432740427115678
74,1,4.6,0.5163977794943222
74,2,4.9,0.31622776601683794
74,3,4.6,0.5163977794943222
74,4,4.9,0.31622776601683794
74,5,4.6,0.699205898780101
74,6,4.9,0.31622776601683794
74,7,5.0,0.0
74,8,4.9,0.31622776601683794
74,9,4.1,0.5676462121975467
74,10,4.8,0.4216370213557839
74,11,4.9,0.31622776601683794
74,12,5.0,0.0
74,13,4.9,0.31622776601683794
74,14,4.9,0.31622776601683794
74,15,4.2,0.7888106377466155
74,16,4.7,0.6749485577105528
74,17,4.8,0.6324555320336759
74,18,5.0,0.0
74,19,5.0,0.0
74,20,5.0,0.0
74,21,5.0,0.0
74,22,5.0,0.0
74,23,5.0,0.0
74,24,4.5,0.5270462766947299
74,25,4.4,0.8432740427115678
74,26,5.0,0.0
74,27,5.0,0.0
74,28,4.3,0.6749485577105528
74,29,5.0,0.0
74,30,5.0,0.0
75,1,5.0,0.0
75,2,5.0,0.0
75,3,4.9,0.31622776601683794
75,4,5.0,0.0
75,5,5.0,0.0
75,6,5.0,0.0
75,7,5.0,0.0
75,8,5.0,0.0
75,9,4.5,0.5270462766947299
75,10,5.0,0.0
75,11,4.7,0.48304589153964794
75,12,5.0,0.0
75,13,5.0,0.0
75,14,5.0,0.0
75,15,4.9,0.31622776601683794
75,16,5.0,0.0
75,17,5.0,0.0
75,18,4.8,0.6324555320336759
75,19,5.0,0.0
75,20,5.0,0.0
75,21,5.0,0.0
75,22,5.0,0.0
75,23,5.0,0.0
75,24,5.0,0.0
75,25,5.0,0.0
75,26,5.0,0.0
75,27,5.0,0.0
75,28,5.0,0.0
75,29,5.0,0.0
75,30,5.0,0.0
76,1,4.9,0.31622776601683794
76,2,4.8,0.6324555320336759
76,3,4.3,0.6749485577105528
76,4,4.7,0.48304589153964794
76,5,4.8,0.4216370213557839
76,6,4.7,0.48304589153964794
76,7,4.9,0.31622776601683794
76,8,4.4,0.5163977794943222
76,9,3.9,0.8755950357709131
76,10,5.0,0.0
76,11,4.7,0.48304589153964794
76,12,4.7,0.6749485577105528
76,13,4.8,0.4216370213557839
76,14,4.1,0.31622776601683794
76,15,5.0,0.0
76,16,4.9,0.31622776601683794
76,17,5.0,0.0
76,18,3.8,1.0327955589886446
76,19,5.0,0.0
76,20,5.0,0.0
76,21,5.0,0.0
76,22,4.9,0.31622776601683794
76,23,5.0,0.0
76,24,5.0,0.0
76,25,5.0,0.0
76,26,5.0,0.0
76,27,4.8,0.6324555320336759
76,28,4.8,0.6324555320336759
76,29,5.0,0.0
76,30,5.0,0.0
77,1,4.6,0.5163977794943222
77,2,4.8,0.4216370213557839
77,3,4.3,0.48304589153964794
77,4,4.7,0.48304589153964794
77,5,4.8,0.4216370213557839
77,6,5.0,0.0
77,7,4.9,0.31622776601683794
77,8,4.7,0.48304589153964794
77,9,4.1,0.31622776601683794
77,10,4.8,0.6324555320336759
77,11,5.0,0.0
77,12,4.9,0.31622776601683794
77,13,5.0,0.0
77,14,4.2,0.4216370213557839
77,15,4.4,0.5163977794943222
77,16,4.9,0.31622776601683794
77,17,5.0,0.0
77,18,4.9,0.31622776601683794
77,19,4.9,0.31622776601683794
77,20,5.0,0.0
77,21,4.8,0.6324555320336759
77,22,5.0,0.0
77,23,5.0,0.0
77,24,4.8,0.4216370213557839
77,25,5.0,0.0
77,26,5.0,0.0
77,27,5.0,0.0
77,28,3.9,0.7378647873726218
77,29,5.0,0.0
77,30,4.8,0.4216370213557839
78,1,4.8,0.4216370213557839
78,2,4.4,0.6992058987801011
78,3,4.7,0.48304589153964794
78,4,5.0,0.0
78,5,4.8,0.4216370213557839
78,6,4.8,0.4216370213557839
78,7,4.7,0.48304589153964794
78,8,4.8,0.4216370213557839
78,9,4.3,0.48304589153964794
78,10,4.9,0.31622776601683794
78,11,4.8,0.4216370213557839
78,12,4.7,0.48304589153964794
78,13,4.8,0.4216370213557839
78,14,4.0,0.4714045207910317
78,15,4.8,0.6324555320336759
78,16,5.0,0.0
78,17,5.0,0.0
78,18,4.8,0.6324555320336759
78,19,5.0,0.0
78,20,4.5,0.8498365855987975
78,21,5.0,0.0
78,22,5.0,0.0
78,23,5.0,0.0
78,24,4.9,0.31622776601683794
78,25,4.9,0.31622776601683794
78,26,5.0,0.0
78,27,4.8,0.6324555320336759
78,28,3.7,0.9486832980505138
78,29,5.0,0.0
78,30,4.9,0.31622776601683794
79,1,4.3,0.48304589153964794
79,2,4.1,0.31622776601683794
79,3,4.4,0.5163977794943222
79,4,4.2,0.4216370213557839
79,5,4.5,0.5270462766947299
79,6,4.2,0.4216370213557839
79,7,4.3,0.48304589153964794
79,8,4.2,0.4216370213557839
79,9,4.0,0.0
79,10,4.5,0.5270462766947299
79,11,4.2,0.4216370213557839
79,12,4.6,0.5163977794943222
79,13,4.9,0.31622776601683794
79,14,4.2,0.4216370213557839
79,15,5.0,0.0
79,16,5.0,0.0
79,17,5.0,0.0
79,18,4.5,0.5270462766947299
79,19,5.0,0.0
79,20,4.8,0.6324555320336759
79,21,5.0,0.0
79,22,5.0,0.0
79,23,4.9,0.31622776601683794
79,24,5.0,0.0
79,25,4.8,0.6324555320336759
79,26,5.0,0.0
79,27,5.0,0.0
79,28,4.5,0.5270462766947299
79,29,5.0,0.0
79,30,5.0,0.0
80,1,4.9,0.31622776601683794
80,2,4.4,0.5163977794943222
80,3,5.0,0.0
80,4,4.8,0.4216370213557839
80,5,5.0,0.0
80,6,4.9,0.31622776601683794
80,7,4.5,0.8498365855987975
80,8,5.0,0.0
80,9,4.9,0.31622776601683794
80,10,5.0,0.0
80,11,5.0,0.0
80,12,4.6,0.5163977794943222
80,13,5.0,0.0
80,14,4.4,0.6992058987801011
80,15,5.0,0.0
80,16,5.0,0.0
80,17,5.0,0.0
80,18,3.8,0.9189365834726815
80,19,5.0,0.0
80,20,4.8,0.6324555320336759
80,21,4.8,0.6324555320336759
80,22,4.8,0.6324555320336759
80,23,5.0,0.0
80,24,4.9,0.31622776601683794
80,25,5.0,0.0
80,26,5.0,0.0
80,27,5.0,0.0
80,28,3.6,0.9660917830792958
80,29,5.0,0.0
80,30,4.6,0.8432740427115678
81,1,4.3,0.48304589153964794
81,2,4.1,0.8755950357709131
81,3,4.1,0.31622776601683794
81,4,4.6,0.5163977794943222
81,5,4.5,0.5270462766947299
81,6,4.1,0.5676462121975466
81,7,4.3,0.48304589153964794
81,8,4.8,0.4216370213557839
81,9,4.0,0.0
81,10,4.9,0.31622776601683794
81,11,4.2,0.6324555320336759
81,12,4.8,0.4216370213557839
81,13,4.8,0.4216370213557839
81,14,4.4,0.5163977794943222
81,15,3.8,0.6324555320336759
81,16,4.2,0.7888106377466155
81,17,4.6,0.8432740427115678
81,18,3.8,0.6324555320336759
81,19,5.0,0.0
81,20,4.8,0.6324555320336759
81,21,3.7,0.9486832980505138
81,22,4.6,0.8432740427115678
81,23,5.0,0.0
81,24,4.9,0.31622776601683794
81,25,4.3,0.9486832980505138
81,26,5.0,0.0
81,27,4.8,0.4216370213557839
81,28,3.7,0.8232726023485646
81,29,4.8,0.6324555320336759
81,30,4.1,0.9944289260117533
82,1,4.7,0.6749485577105528
82,2,5.0,0.0
82,3,4.9,0.31622776601683794
82,4,4.8,0.4216370213557839
82,5,5.0,0.0
82,6,4.8,0.6324555320336759
82,7,4.9,0.31622776601683794
82,8,4.9,0.31622776601683794
82,9,4.9,0.31622776601683794
82,10,5.0,0.0
82,11,4.9,0.31622776601683794
82,12,4.7,0.6749485577105528
82,13,5.0,0.0
82,14,4.6,0.699205898780101
82,15,4.3,0.9486832980505138
82,16,4.9,0.31622776601683794
82,17,5.0,0.0
82,18,4.6,0.8432740427115678
82,19,5.0,0.0
82,20,4.3,0.9486832980505138
82,21,5.0,0.0
82,22,5.0,0.0
82,23,5.0,0.0
82,24,4.3,0.6749485577105528
82,25,4.3,0.8232726023485646
82,26,5.0,0.0
82,27,4.9,0.31622776601683794
82,28,4.9,0.31622776601683794
82,29,5.0,0.0
82,30,5.0,0.0
83,1,5.0,0.0
83,2,4.9,0.31622776601683794
83,3,4.6,0.5163977794943222
83,4,4.8,0.4216370213557839
83,5,5.0,0.0
83,6,4.7,0.48304589153964794
83,7,4.5,0.5270462766947299
83,8,4.6,0.5163977794943222
83,9,4.2,0.6324555320336759
83,10,4.9,0.31622776601683794
83,11,4.8,0.4216370213557839
83,12,4.5,0.5270462766947299
83,13,4.9,0.31622776601683794
83,14,4.3,0.48304589153964794
83,15,4.8,0.4216370213557839
83,16,5.0,0.0
83,17,5.0,0.0
83,18,4.6,0.8432740427115678
83,19,5.0,0.0
83,20,5.0,0.0
83,21,5.0,0.0
83,22,5.0,0.0
83,23,5.0,0.0
83,24,5.0,0.0
83,25,5.0,0.0
83,26,5.0,0.0
83,27,4.9,0.31622776601683794
83,28,4.6,0.8432740427115678
83,29,5.0,0.0
83,30,4.8,0.6324555320336759
84,1,4.0,0.4714045207910317
84,2,3.5,0.5270462766947299
84,3,3.8,0.6324555320336759
84,4,3.7,0.6749485577105528
84,5,3.5,0.5270462766947299
84,6,4.1,0.5676462121975466
84,7,3.5,0.5270462766947299
84,8,4.2,0.4216370213557839
84,9,3.8,0.4216370213557839
84,10,3.6,0.6992058987801011
84,11,4.2,0.6324555320336759
84,12,3.7,0.8232726023485646
84,13,4.0,0.4714045207910317
84,14,3.6,0.5163977794943223
84,15,3.4,0.5163977794943223
84,16,4.2,0.9189365834726815
84,17,4.7,0.6749485577105528
84,18,3.6,0.8432740427115678
84,19,4.9,0.31622776601683794
84,20,4.4,0.9660917830792959
84,21,5.0,0.0
84,22,4.2,0.9189365834726815
84,23,5.0,0.0
84,24,3.7,0.48304589153964794
84,25,3.7,0.8232726023485646
84,26,5.0,0.0
84,27,5.0,0.0
84,28,4.0,0.816496580927726
84,29,4.7,0.48304589153964794
84,30,3.8,0.9189365834726815
85,1,5.0,0.0
85,2,4.2,0.6324555320336759
85,3,5.0,0.0
85,4,4.6,0.5163977794943222
85,5,4.9,0.31622776601683794
85,6,5.0,0.0
85,7,4.5,0.5270462766947299
85,8,5.0,0.0
85,9,4.6,0.5163977794943222
85,10,5.0,0.0
85,11,4.7,0.48304589153964794
85,12,4.3,0.8232726023485646
85,13,5.0,0.0
85,14,4.2,0.4216370213557839
85,15,5.0,0.0
85,16,4.5,0.5270462766947299
85,17,5.0,0.0
85,18,3.9,0.31622776601683794
85,19,4.9,0.31622776601683794
85,20,3.6,0.8432740427115678
85,21,5.0,0.0
85,22,4.8,0.4216370213557839
85,23,4.4,0.6992058987801011
85,24,4.1,0.31622776601683794
85,25,4.0,0.8660254037844386
85,26,5.0,0.0
85,27,4.555555555555555,0.8819171036881968
85,28,3.5,0.5270462766947299
85,29,4.4,0.5163977794943222
85,30,3.9,0.31622776601683794
86,1,5.0,0.0
86,2,4.0,0.0
86,3,4.7,0.48304589153964794
86,4,5.0,0.0
86,5,5.0,0.0
86,6,4.9,0.31622776601683794
86,7,4.4,0.5163977794943222
86,8,5.0,0.0
86,9,4.9,0.31622776601683794
86,10,5.0,0.0
86,11,5.0,0.0
86,12,4.4,0.6992058987801011
86,13,5.0,0.0
86,14,4.1,0.31622776601683794
86,15,4.4,1.577621275493231
86,16,4.0,0.0
86,17,4.9,0.31622776601683794
86,18,3.4,0.5163977794943223
86,19,4.7,0.48304589153964794
86,20,4.7,0.6749485577105528
86,21,5.0,0.0
86,22,5.0,0.0
86,23,4.7,0.6749485577105528
86,24,4.7,0.48304589153964794
86,25,3.888888888888889,1.69148192751537
86,26,5.0,0.0
86,27,5.0,0.0
86,28,3.5,0.5270462766947299
86,29,5.0,0.0
86,30,3.8,0.6324555320336759
87,1,4.5,0.7071067811865476
87,2,4.7,0.48304589153964794
87,3,4.1,0.31622776601683794
87,4,4.6,0.5163977794943222
87,5,5.0,0.0
87,6,4.6,0.5163977794943222
87,7,4.5,0.5270462766947299
87,8,4.7,0.48304589153964794
87,9,4.4,0.6992058987801011
87,10,4.8,0.4216370213557839
87,11,4.6,0.5163977794943222
87,12,5.0,0.0
87,13,4.9,0.31622776601683794
87,14,4.4,0.5163977794943222
87,15,4.2,0.4216370213557839
87,16,5.0,0.0
87,17,4.9,0.31622776601683794
87,18,3.9,0.9944289260117533
87,19,5.0,0.0
87,20,4.8,0.6324555320336759
87,21,5.0,0.0
87,22,5.0,0.0
87,23,5.0,0.0
87,24,4.9,0.31622776601683794
87,25,4.7,0.48304589153964794
87,26,2.2,2.3944379994757297
87,27,5.0,0.0
87,28,4.9,0.31622776601683794
87,29,5.0,0.0
87,30,4.7,0.6749485577105528
88,1,4.9,0.31622776601683794
88,2,4.6,0.5163977794943222
88,3,4.2,0.6324555320336759
88,4,4.3,0.8232726023485646
88,5,4.1,0.5676462121975466
88,6,5.0,0.0
88,7,5.0,0.0
88,8,4.9,0.31622776601683794
88,9,4.2,0.4216370213557839
88,10,4.8,0.4216370213557839
88,11,4.9,0.31622776601683794
88,12,4.8,0.6324555320336759
88,13,4.6,0.5163977794943222
88,14,4.0,0.0
88,15,3.8,0.4216370213557839
88,16,5.0,0.0
88,17,5.0,0.0
88,18,4.1,0.7378647873726218
88,19,5.0,0.0
88,20,4.9,0.31622776601683794
88,21,5.0,0.0
88,22,5.0,0.0
88,23,5.0,0.0
88,24,4.0,0.4714045207910317
88,25,4.9,0.31622776601683794
88,26,5.0,0.0
88,27,4.4,0.6992058987801011
88,28,4.8,0.4216370213557839
88,29,4.9,0.31622776601683794
88,30,5.0,0.0
89,1,4.5,0.5270462766947299
89,2,4.1,0.31622776601683794
89,3,4.8,0.4216370213557839
89,4,4.5,0.5270462766947299
89,5,4.1,0.31622776601683794
89,6,4.0,0.0
89,7,4.5,0.7071067811865476
89,8,4.5,0.5270462766947299
89,9,4.0,0.0
89,10,5.0,0.0
89,11,4.1,0.31622776601683794
89,12,3.4,0.5163977794943223
89,13,4.7,0.48304589153964794
89,14,3.9,0.31622776601683794
89,15,4.0,0.4714045207910317
89,16,5.0,0.0
89,17,4.8,0.6324555320336759
89,18,3.5,0.5270462766947299
89,19,5.0,0.0
89,20,5.0,0.0
89,21,5.0,0.0
89,22,5.0,0.0
89,23,5.0,0.0
89,24,4.3,0.6749485577105528
89,25,4.4,0.5163977794943222
89,26,5.0,0.0
89,27,5.0,0.0
89,28,4.1,0.7378647873726218
89,29,5.0,0.0
89,30,4.8,0.6324555320336759
90,1,4.9,0.31622776601683794
90,2,4.2,0.4216370213557839
90,3,4.8,0.4216370213557839
90,4,4.7,0.48304589153964794
90,5,5.0,0.0
90,6,4.5,0.5270462766947299
90,7,4.3,0.48304589153964794
90,8,5.0,0.0
90,9,4.7,0.6749485577105528
90,10,5.0,0.0
90,11,4.5,0.5270462766947299
90,12,4.0,0.4714045207910317
90,13,5.0,0.0
90,14,4.0,0.0
90,15,5.0,0.0
90,16,4.6,0.699205898780101
90,17,5.0,0.0
90,18,3.5,0.5270462766947299
90,19,5.0,0.0
90,20,3.7,0.9486832980505138
90,21,4.8,0.6324555320336759
90,22,5.0,0.0
90,23,5.0,0.0
90,24,4.9,0.31622776601683794
90,25,5.0,0.0
90,26,5.0,0.0
90,27,5.0,0.0
90,28,3.1,0.31622776601683794
90,29,5.0,0.0
90,30,3.8,0.6324555320336759
91,1,5.0,0.0
91,2,4.6,0.5163977794943222
91,3,4.9,0.31622776601683794
91,4,5.0,0.0
91,5,5.0,0.0
91,6,4.6,0.5163977794943222
91,7,4.5,0.5270462766947299
91,8,4.9,0.31622776601683794
91,9,4.8,0.4216370213557839
91,10,5.0,0.0
91,11,4.7,0.48304589153964794
91,12,4.7,0.48304589153964794
91,13,5.0,0.0
91,14,4.9,0.31622776601683794
91,15,5.0,0.0
91,16,5.0,0.0
91,17,5.0,0.0
91,18,4.9,0.31622776601683794
91,19,5.0,0.0
91,20,4.8,0.6324555320336759
91,21,5.0,0.0
91,22,5.0,0.0
91,23,5.0,0.0
91,24,5.0,0.0
91,25,5.0,0.0
91,26,5.0,0.0
91,27,5.0,0.0
91,28,4.9,0.31622776601683794
91,29,5.0,0.0
91,30,5.0,0.0
92,1,4.6,0.5163977794943222
92,2,4.5,0.5270462766947299
92,3,4.3,0.48304589153964794
92,4,4.8,0.4216370213557839
92,5,4.9,0.31622776601683794
92,6,4.7,0.48304589153964794
92,7,4.7,0.48304589153964794
92,8,4.8,0.4216370213557839
92,9,4.2,0.9189365834726815
92,10,4.9,0.31622776601683794
92,11,4.2,0.4216370213557839
92,12,5.0,0.0
92,13,4.8,0.4216370213557839
92,14,4.1,0.31622776601683794
92,15,5.0,0.0
92,16,5.0,0.0
92,17,5.0,0.0
92,18,4.7,0.48304589153964794
92,19,5.0,0.0
92,20,5.0,0.0
92,21,5.0,0.0
92,22,5.0,0.0
92,23,5.0,0.0
92,24,4.9,0.31622776601683794
92,25,5.0,0.0
92,26,5.0,0.0
92,27,5.0,0.0
92,28,3.9,0.8755950357709131
92,29,5.0,0.0
92,30,5.0,0.0
93,1,3.9,0.31622776601683794
93,2,4.0,0.0
93,3,4.0,0.0
93,4,4.0,0.4714045207910317
93,5,3.9,0.31622776601683794
93,6,4.1,0.31622776601683794
93,7,4.0,0.0
93,8,4.0,0.0
93,9,4.0,0.0
93,10,4.6,0.699205898780101
93,11,4.2,0.4216370213557839
93,12,4.5,0.5270462766947299
93,13,4.1,0.5676462121975466
93,14,3.9,0.31622776601683794
93,15,4.1,0.31622776601683794
93,16,4.5,0.5270462766947299
93,17,5.0,0.0
93,18,3.4,0.6992058987801011
93,19,5.0,0.0
93,20,4.1,0.9944289260117533
93,21,5.0,0.0
93,22,4.9,0.31622776601683794
93,23,5.0,0.0
93,24,4.1,0.5676462121975466
93,25,3.7,0.8232726023485646
93,26,5.0,0.0
93,27,4.9,0.31622776601683794
93,28,4.1,0.7378647873726218
93,29,5.0,0.0
93,30,4.8,0.6324555320336759
94,1,4.9,0.31622776601683794
94,2,4.8,0.4216370213557839
94,3,5.0,0.0
94,4,5.0,0.0
94,5,5.0,0.0
94,6,5.0,0.0
94,7,5.0,0.0
94,8,5.0,0.0
94,9,4.8,0.4216370213557839
94,10,5.0,0.0
94,11,4.8,0.6324555320336759
94,12,5.0,0.0
94,13,5.0,0.0
94,14,4.7,0.48304589153964794
94,15,5.0,0.0
94,16,5.0,0.0
94,17,5.0,0.0
94,18,3.75,0.8864052604279183
94,19,5.0,0.0
94,20,5.0,0.0
94,21,5.0,0.0
94,22,5.0,0.0
94,23,5.0,0.0
94,24,5.0,0.0
94,25,4.6,0.699205898780101
94,26,5.0,0.0
94,27,5.0,0.0
94,28,4.4,0.6992058987801011
94,29,5.0,0.0
94,30,4.8,0.6324555320336759
95,1,5.0,0.0
95,2,4.5,0.5270462766947299
95,3,4.9,0.31622776601683794
95,4,5.0,0.0
95,5,4.9,0.31622776601683794
95,6,4.6,0.5163977794943222
95,7,4.8,0.4216370213557839
95,8,4.9,0.31622776601683794
95,9,4.2,0.4216370213557839
95,10,5.0,0.0
95,11,5.0,0.0
95,12,4.9,0.31622776601683794
95,13,5.0,0.0
95,14,4.5,0.7071067811865476
95,15,5.0,0.0
95,16,5.0,0.0
95,17,5.0,0.0
95,18,5.0,0.0
95,19,5.0,0.0
95,20,5.0,0.0
95,21,5.0,0.0
95,22,5.0,0.0
95,23,5.0,0.0
95,24,5.0,0.0
95,25,4.8,0.4216370213557839
95,26,5.0,0.0
95,27,5.0,0.0
95,28,4.5,0.8498365855987975
95,29,5.0,0.0
95,30,5.0,0.0
96,1,4.9,0.31622776601683794
96,2,4.4,0.5163977794943222
96,3,4.9,0.31622776601683794
96,4,5.0,0.0
96,5,5.0,0.0
96,6,4.2,0.4216370213557839
96,7,4.0,0.0
96,8,5.0,0.0
96,9,5.0,0.0
96,10,5.0,0.0
96,11,4.8,0.4216370213557839
96,12,4.4,0.5163977794943222
96,13,4.8,0.4216370213557839
96,14,4.1,0.31622776601683794
96,15,5.0,0.0
96,16,4.7,0.48304589153964794
96,17,5.0,0.0
96,18,4.6,0.8432740427115678
96,19,5.0,0.0
96,20,4.8,0.6324555320336759
96,21,5.0,0.0
96,22,5.0,0.0
96,23,5.0,0.0
96,24,4.9,0.31622776601683794
96,25,5.0,0.0
96,26,5.0,0.0
96,27,5.0,0.0
96,28,4.4,0.9660917830792959
96,29,5.0,0.0
96,30,4.9,0.31622776601683794
97,1,4.9,0.31622776601683794
97,2,4.8,0.4216370213557839
97,3,4.3,0.48304589153964794
97,4,4.5,0.5270462766947299
97,5,4.1,0.31622776601683794
97,6,4.4,0.5163977794943222
97,7,4.7,0.48304589153964794
97,8,4.8,0.4216370213557839
97,9,4.5,0.7071067811865476
97,10,4.8,0.4216370213557839
97,11,4.6,0.5163977794943222
97,12,3.8,0.6324555320336759
97,13,4.9,0.31622776601683794
97,14,4.5,0.5270462766947299
97,15,4.7,0.48304589153964794
97,16,5.0,0.0
97,17,5.0,0.0
97,18,4.8,0.4216370213557839
97,19,5.0,0.0
97,20,4.8,0.6324555320336759
97,21,5.0,0.0
97,22,5.0,0.0
97,23,5.0,0.0
97,24,5.0,0.0
97,25,4.7,0.48304589153964794
97,26,5.0,0.0
97,27,5.0,0.0
97,28,4.7,0.48304589153964794
97,29,5.0,0.0
97,30,5.0,0.0
98,1,4.9,0.31622776601683794
98,2,4.3,0.48304589153964794
98,3,5.0,0.0
98,4,4.9,0.31622776601683794
98,5,4.7,0.48304589153964794
98,6,4.8,0.4216370213557839
98,7,4.0,0.6666666666666666
98,8,4.9,0.31622776601683794
98,9,4.7,0.48304589153964794
98,10,5.0,0.0
98,11,4.9,0.31622776601683794
98,12,4.3,0.9486832980505138
98,13,5.0,0.0
98,14,4.4,0.5163977794943222
98,15,4.9,0.31622776601683794
98,16,5.0,0.0
98,17,5.0,0.0
98,18,3.4,0.5163977794943223
98,19,4.8,0.6324555320336759
98,20,4.4,0.9660917830792959
98,21,5.0,0.0
98,22,5.0,0.0
98,23,5.0,0.0
98,24,4.6,0.699205898780101
98,25,4.3,0.6749485577105528
98,26,5.0,0.0
98,27,4.6,0.8432740427115678
98,28,3.5,0.8498365855987975
98,29,5.0,0.0
98,30,4.9,0.31622776601683794
99,1,5.0,0.0
99,2,4.8,0.4216370213557839
99,3,5.0,0.0
99,4,5.0,0.0
99,5,5.0,0.0
99,6,4.5,0.5270462766947299
99,7,4.9,0.31622776601683794
99,8,5.0,0.0
99,9,4.2,0.4216370213557839
99,10,5.0,0.0
99,11,4.4,0.5163977794943222
99,12,5.0,0.0
99,13,5.0,0.0
99,14,4.4,0.5163977794943222
99,15,4.9,0.31622776601683794
99,16,4.3,0.9486832980505138
99,17,5.0,0.0
99,18,4.9,0.31622776601683794
99,19,5.0,0.0
99,20,4.6,0.699205898780101
99,21,5.0,0.0
99,22,5.0,0.0
99,23,5.0,0.0
99,24,4.9,0.31622776601683794
99,25,5.0,0.0
99,26,4.9,0.31622776601683794
99,27,4.8,0.4216370213557839
99,28,4.3,0.8232726023485646
99,29,5.0,0.0
99,30,5.0,0.0
